-- --------------------------------------------------------
-- Host:                         127.0.0.1
-- Versión del servidor:         5.7.33 - MySQL Community Server (GPL)
-- SO del servidor:              Win64
-- HeidiSQL Versión:             11.2.0.6213
-- --------------------------------------------------------

/*!40101 SET @OLD_CHARACTER_SET_CLIENT=@@CHARACTER_SET_CLIENT */;
/*!40101 SET NAMES utf8 */;
/*!50503 SET NAMES utf8mb4 */;
/*!40014 SET @OLD_FOREIGN_KEY_CHECKS=@@FOREIGN_KEY_CHECKS, FOREIGN_KEY_CHECKS=0 */;
/*!40101 SET @OLD_SQL_MODE=@@SQL_MODE, SQL_MODE='NO_AUTO_VALUE_ON_ZERO' */;
/*!40111 SET @OLD_SQL_NOTES=@@SQL_NOTES, SQL_NOTES=0 */;

-- Volcando estructura para tabla as.as_acceso_permiso_usuario
DROP TABLE IF EXISTS `as_acceso_permiso_usuario`;
CREATE TABLE IF NOT EXISTS `as_acceso_permiso_usuario` (
  `PK_COD_PERMISO` int(11) NOT NULL AUTO_INCREMENT COMMENT 'CODIGO IDENTIFICADOR ÚNICO DE LA TABLA [ABR:CODAPUSU]',
  `ID_USUARIO` int(11) NOT NULL COMMENT 'IDENTIFIADOR DEL USUARIO AL QUE PERTENECE EL PERMISO',
  `COD_ACCESO_SISTEMA` int(11) NOT NULL COMMENT 'CODIGO IDENTIFICADOR ÚNICO DE ACCESO AL SISTEMA',
  PRIMARY KEY (`PK_COD_PERMISO`),
  KEY `IDX_ACSPERMSUSU_2` (`ID_USUARIO`),
  KEY `IDX_ACSPERMSUSU_1` (`COD_ACCESO_SISTEMA`),
  CONSTRAINT `FK_ACSPERMSUSU_ACCESSISTEM` FOREIGN KEY (`COD_ACCESO_SISTEMA`) REFERENCES `as_acceso_sistema` (`PK_COD_ACCESO`) ON DELETE CASCADE ON UPDATE CASCADE,
  CONSTRAINT `FK_ACSPERMSUSU_USUARIOSSTM` FOREIGN KEY (`ID_USUARIO`) REFERENCES `as_usuarios_sistema` (`PK_ID_USUARIO`) ON DELETE CASCADE ON UPDATE CASCADE
) ENGINE=InnoDB AUTO_INCREMENT=32 DEFAULT CHARSET=utf8 COLLATE=utf8_spanish2_ci COMMENT='TABLA CON EL REGISTRO DE TODOS LOS PERMISOS OTORGADOS A LOS USUARIOS [ABR:ACSPERMSUSU]';

-- Volcando datos para la tabla as.as_acceso_permiso_usuario: ~27 rows (aproximadamente)
DELETE FROM `as_acceso_permiso_usuario`;
/*!40000 ALTER TABLE `as_acceso_permiso_usuario` DISABLE KEYS */;
INSERT INTO `as_acceso_permiso_usuario` (`PK_COD_PERMISO`, `ID_USUARIO`, `COD_ACCESO_SISTEMA`) VALUES
	(2, 3, 1000);
INSERT INTO `as_acceso_permiso_usuario` (`PK_COD_PERMISO`, `ID_USUARIO`, `COD_ACCESO_SISTEMA`) VALUES
	(3, 3, 1001);
INSERT INTO `as_acceso_permiso_usuario` (`PK_COD_PERMISO`, `ID_USUARIO`, `COD_ACCESO_SISTEMA`) VALUES
	(4, 3, 1006);
INSERT INTO `as_acceso_permiso_usuario` (`PK_COD_PERMISO`, `ID_USUARIO`, `COD_ACCESO_SISTEMA`) VALUES
	(5, 3, 1007);
INSERT INTO `as_acceso_permiso_usuario` (`PK_COD_PERMISO`, `ID_USUARIO`, `COD_ACCESO_SISTEMA`) VALUES
	(6, 3, 1005);
INSERT INTO `as_acceso_permiso_usuario` (`PK_COD_PERMISO`, `ID_USUARIO`, `COD_ACCESO_SISTEMA`) VALUES
	(11, 10, 1000);
INSERT INTO `as_acceso_permiso_usuario` (`PK_COD_PERMISO`, `ID_USUARIO`, `COD_ACCESO_SISTEMA`) VALUES
	(12, 10, 1001);
INSERT INTO `as_acceso_permiso_usuario` (`PK_COD_PERMISO`, `ID_USUARIO`, `COD_ACCESO_SISTEMA`) VALUES
	(13, 10, 1002);
INSERT INTO `as_acceso_permiso_usuario` (`PK_COD_PERMISO`, `ID_USUARIO`, `COD_ACCESO_SISTEMA`) VALUES
	(14, 10, 1003);
INSERT INTO `as_acceso_permiso_usuario` (`PK_COD_PERMISO`, `ID_USUARIO`, `COD_ACCESO_SISTEMA`) VALUES
	(15, 10, 1004);
INSERT INTO `as_acceso_permiso_usuario` (`PK_COD_PERMISO`, `ID_USUARIO`, `COD_ACCESO_SISTEMA`) VALUES
	(16, 10, 1005);
INSERT INTO `as_acceso_permiso_usuario` (`PK_COD_PERMISO`, `ID_USUARIO`, `COD_ACCESO_SISTEMA`) VALUES
	(17, 10, 1006);
INSERT INTO `as_acceso_permiso_usuario` (`PK_COD_PERMISO`, `ID_USUARIO`, `COD_ACCESO_SISTEMA`) VALUES
	(18, 10, 1007);
INSERT INTO `as_acceso_permiso_usuario` (`PK_COD_PERMISO`, `ID_USUARIO`, `COD_ACCESO_SISTEMA`) VALUES
	(19, 10, 1008);
INSERT INTO `as_acceso_permiso_usuario` (`PK_COD_PERMISO`, `ID_USUARIO`, `COD_ACCESO_SISTEMA`) VALUES
	(20, 11, 1000);
INSERT INTO `as_acceso_permiso_usuario` (`PK_COD_PERMISO`, `ID_USUARIO`, `COD_ACCESO_SISTEMA`) VALUES
	(21, 11, 1001);
INSERT INTO `as_acceso_permiso_usuario` (`PK_COD_PERMISO`, `ID_USUARIO`, `COD_ACCESO_SISTEMA`) VALUES
	(22, 11, 1002);
INSERT INTO `as_acceso_permiso_usuario` (`PK_COD_PERMISO`, `ID_USUARIO`, `COD_ACCESO_SISTEMA`) VALUES
	(23, 11, 1003);
INSERT INTO `as_acceso_permiso_usuario` (`PK_COD_PERMISO`, `ID_USUARIO`, `COD_ACCESO_SISTEMA`) VALUES
	(24, 11, 1004);
INSERT INTO `as_acceso_permiso_usuario` (`PK_COD_PERMISO`, `ID_USUARIO`, `COD_ACCESO_SISTEMA`) VALUES
	(25, 11, 1005);
INSERT INTO `as_acceso_permiso_usuario` (`PK_COD_PERMISO`, `ID_USUARIO`, `COD_ACCESO_SISTEMA`) VALUES
	(26, 11, 1006);
INSERT INTO `as_acceso_permiso_usuario` (`PK_COD_PERMISO`, `ID_USUARIO`, `COD_ACCESO_SISTEMA`) VALUES
	(27, 11, 1007);
INSERT INTO `as_acceso_permiso_usuario` (`PK_COD_PERMISO`, `ID_USUARIO`, `COD_ACCESO_SISTEMA`) VALUES
	(28, 11, 1008);
INSERT INTO `as_acceso_permiso_usuario` (`PK_COD_PERMISO`, `ID_USUARIO`, `COD_ACCESO_SISTEMA`) VALUES
	(30, 3, 1003);
INSERT INTO `as_acceso_permiso_usuario` (`PK_COD_PERMISO`, `ID_USUARIO`, `COD_ACCESO_SISTEMA`) VALUES
	(31, 3, 1004);
/*!40000 ALTER TABLE `as_acceso_permiso_usuario` ENABLE KEYS */;

-- Volcando estructura para tabla as.as_acceso_sistema
DROP TABLE IF EXISTS `as_acceso_sistema`;
CREATE TABLE IF NOT EXISTS `as_acceso_sistema` (
  `PK_COD_ACCESO` int(11) NOT NULL COMMENT 'CODIGO UNICO DE CADA ACCESO [ABR:CODACSSTM]',
  `NOM_ACCESO` varchar(75) COLLATE utf8_spanish2_ci NOT NULL COMMENT 'NOMBRE DESCRIPTIVO DE CADA ACCESO',
  `DET_ACCESO` text COLLATE utf8_spanish2_ci COMMENT 'DETALLES DE LAS CAPACIDADES DEL ACCESO',
  PRIMARY KEY (`PK_COD_ACCESO`)
) ENGINE=InnoDB DEFAULT CHARSET=utf8 COLLATE=utf8_spanish2_ci COMMENT='TABLA CON LOS REGISTROS DE TODAS LAS ACCIONES REALIZADAS POR LOS USUARIOS EN EL SISTEMA [ABR:ACCESSISTEM]';

-- Volcando datos para la tabla as.as_acceso_sistema: ~9 rows (aproximadamente)
DELETE FROM `as_acceso_sistema`;
/*!40000 ALTER TABLE `as_acceso_sistema` DISABLE KEYS */;
INSERT INTO `as_acceso_sistema` (`PK_COD_ACCESO`, `NOM_ACCESO`, `DET_ACCESO`) VALUES
	(1000, 'INVENTARIO', NULL);
INSERT INTO `as_acceso_sistema` (`PK_COD_ACCESO`, `NOM_ACCESO`, `DET_ACCESO`) VALUES
	(1001, 'CLIENTES', NULL);
INSERT INTO `as_acceso_sistema` (`PK_COD_ACCESO`, `NOM_ACCESO`, `DET_ACCESO`) VALUES
	(1002, 'REPORTES', NULL);
INSERT INTO `as_acceso_sistema` (`PK_COD_ACCESO`, `NOM_ACCESO`, `DET_ACCESO`) VALUES
	(1003, 'COMPRAS', NULL);
INSERT INTO `as_acceso_sistema` (`PK_COD_ACCESO`, `NOM_ACCESO`, `DET_ACCESO`) VALUES
	(1004, 'MATERIALES', NULL);
INSERT INTO `as_acceso_sistema` (`PK_COD_ACCESO`, `NOM_ACCESO`, `DET_ACCESO`) VALUES
	(1005, 'COTIZACIONES', NULL);
INSERT INTO `as_acceso_sistema` (`PK_COD_ACCESO`, `NOM_ACCESO`, `DET_ACCESO`) VALUES
	(1006, 'USUARIOS', NULL);
INSERT INTO `as_acceso_sistema` (`PK_COD_ACCESO`, `NOM_ACCESO`, `DET_ACCESO`) VALUES
	(1007, 'ORDEN DE TRABAJO', NULL);
INSERT INTO `as_acceso_sistema` (`PK_COD_ACCESO`, `NOM_ACCESO`, `DET_ACCESO`) VALUES
	(1008, 'VENTAS', NULL);
INSERT INTO `as_acceso_sistema` (`PK_COD_ACCESO`, `NOM_ACCESO`, `DET_ACCESO`) VALUES
	(1009, 'CONFIGURACIÓN', NULL);
/*!40000 ALTER TABLE `as_acceso_sistema` ENABLE KEYS */;

-- Volcando estructura para tabla as.as_acciones_sistema
DROP TABLE IF EXISTS `as_acciones_sistema`;
CREATE TABLE IF NOT EXISTS `as_acciones_sistema` (
  `PK_COD_ACCION` int(11) NOT NULL AUTO_INCREMENT,
  `NOM_ACCION` varchar(50) COLLATE utf8_spanish2_ci NOT NULL DEFAULT '',
  PRIMARY KEY (`PK_COD_ACCION`)
) ENGINE=InnoDB AUTO_INCREMENT=5 DEFAULT CHARSET=utf8 COLLATE=utf8_spanish2_ci;

-- Volcando datos para la tabla as.as_acciones_sistema: ~4 rows (aproximadamente)
DELETE FROM `as_acciones_sistema`;
/*!40000 ALTER TABLE `as_acciones_sistema` DISABLE KEYS */;
INSERT INTO `as_acciones_sistema` (`PK_COD_ACCION`, `NOM_ACCION`) VALUES
	(1, 'AGREGAR');
INSERT INTO `as_acciones_sistema` (`PK_COD_ACCION`, `NOM_ACCION`) VALUES
	(2, 'ACTUALIZAR');
INSERT INTO `as_acciones_sistema` (`PK_COD_ACCION`, `NOM_ACCION`) VALUES
	(3, 'VISUALIZAR');
INSERT INTO `as_acciones_sistema` (`PK_COD_ACCION`, `NOM_ACCION`) VALUES
	(4, 'ELIMINAR');
/*!40000 ALTER TABLE `as_acciones_sistema` ENABLE KEYS */;

-- Volcando estructura para tabla as.as_bitacora_sistema
DROP TABLE IF EXISTS `as_bitacora_sistema`;
CREATE TABLE IF NOT EXISTS `as_bitacora_sistema` (
  `PK_COD_BITACORA` int(11) NOT NULL AUTO_INCREMENT COMMENT 'CODIGO DE LA ACCION REALIZADA EN EL SISTEMA [ABR:CODBISTM]',
  `ID_USUARIO` int(11) NOT NULL COMMENT 'IDENTIFICADOR DEL USUARIO QUE REALIZO LA ACCIÓN',
  `NOM_ACCION` varchar(150) COLLATE utf8_spanish2_ci NOT NULL COMMENT 'NOMBRE BREVE DE LA ACCIÓN REALIZADA',
  `DET_BITACORA_SISTEMA` text COLLATE utf8_spanish2_ci COMMENT 'DESCRIPCIÓN COMPLETA DE LA ACCIÓN REALIZADA',
  `FEC_ACCION` date NOT NULL COMMENT 'FECHA EN QUE SE REALIZO DICHA ACCIÓN',
  `HORA_ACCION` time NOT NULL COMMENT 'HORA EN QUE SE REALIZO DICHA ACCIÓN',
  PRIMARY KEY (`PK_COD_BITACORA`),
  KEY `IDX_BITCRSISTEM_1` (`ID_USUARIO`),
  CONSTRAINT `FK_BITCRSISTEM_USUARIOSSTM` FOREIGN KEY (`ID_USUARIO`) REFERENCES `as_usuarios_sistema` (`PK_ID_USUARIO`) ON DELETE CASCADE ON UPDATE CASCADE
) ENGINE=InnoDB AUTO_INCREMENT=30 DEFAULT CHARSET=utf8 COLLATE=utf8_spanish2_ci COMMENT='TABLA CON LOS REGISTROS DE TODAS LAS ACCIONES REALIZADAS POR LOS USUARIOS EN EL SISTEMA [ABR:BITCRSISTEM]';

-- Volcando datos para la tabla as.as_bitacora_sistema: ~18 rows (aproximadamente)
DELETE FROM `as_bitacora_sistema`;
/*!40000 ALTER TABLE `as_bitacora_sistema` DISABLE KEYS */;
INSERT INTO `as_bitacora_sistema` (`PK_COD_BITACORA`, `ID_USUARIO`, `NOM_ACCION`, `DET_BITACORA_SISTEMA`, `FEC_ACCION`, `HORA_ACCION`) VALUES
	(7, 3, 'REGISTRO DE NUEVO USUARIO', 'SE HA REGISTADO UN NUEVO USUARIO EN EL SISTEMA', '2022-04-17', '04:01:42');
INSERT INTO `as_bitacora_sistema` (`PK_COD_BITACORA`, `ID_USUARIO`, `NOM_ACCION`, `DET_BITACORA_SISTEMA`, `FEC_ACCION`, `HORA_ACCION`) VALUES
	(8, 3, 'REGISTRO DE NUEVO USUARIO', 'SE HA REGISTADO UN NUEVO USUARIO EN EL SISTEMA', '2022-04-17', '04:06:39');
INSERT INTO `as_bitacora_sistema` (`PK_COD_BITACORA`, `ID_USUARIO`, `NOM_ACCION`, `DET_BITACORA_SISTEMA`, `FEC_ACCION`, `HORA_ACCION`) VALUES
	(9, 3, 'REGISTRO DE NUEVO USUARIO', 'SE HA REGISTADO UN NUEVO USUARIO EN EL SISTEMA', '2022-04-17', '04:20:50');
INSERT INTO `as_bitacora_sistema` (`PK_COD_BITACORA`, `ID_USUARIO`, `NOM_ACCION`, `DET_BITACORA_SISTEMA`, `FEC_ACCION`, `HORA_ACCION`) VALUES
	(10, 3, 'REGISTRO DE NUEVO USUARIO', 'SE HA REGISTADO UN NUEVO USUARIO EN EL SISTEMA', '2022-04-17', '04:24:44');
INSERT INTO `as_bitacora_sistema` (`PK_COD_BITACORA`, `ID_USUARIO`, `NOM_ACCION`, `DET_BITACORA_SISTEMA`, `FEC_ACCION`, `HORA_ACCION`) VALUES
	(11, 3, 'REGISTRO DE NUEVO USUARIO', 'SE HA REGISTADO UN NUEVO USUARIO EN EL SISTEMA', '2022-04-17', '04:34:53');
INSERT INTO `as_bitacora_sistema` (`PK_COD_BITACORA`, `ID_USUARIO`, `NOM_ACCION`, `DET_BITACORA_SISTEMA`, `FEC_ACCION`, `HORA_ACCION`) VALUES
	(12, 3, 'REGISTRO DE NUEVO USUARIO', 'SE HA REGISTADO UN NUEVO USUARIO EN EL SISTEMA', '2022-04-17', '04:40:19');
INSERT INTO `as_bitacora_sistema` (`PK_COD_BITACORA`, `ID_USUARIO`, `NOM_ACCION`, `DET_BITACORA_SISTEMA`, `FEC_ACCION`, `HORA_ACCION`) VALUES
	(13, 3, 'REGISTRO DE NUEVO USUARIO', 'SE HA REGISTADO UN NUEVO USUARIO EN EL SISTEMA', '2022-04-17', '04:41:39');
INSERT INTO `as_bitacora_sistema` (`PK_COD_BITACORA`, `ID_USUARIO`, `NOM_ACCION`, `DET_BITACORA_SISTEMA`, `FEC_ACCION`, `HORA_ACCION`) VALUES
	(14, 3, 'REGISTRO DE NUEVO USUARIO', 'SE HA REGISTADO UN NUEVO USUARIO EN EL SISTEMA', '2022-04-17', '05:17:36');
INSERT INTO `as_bitacora_sistema` (`PK_COD_BITACORA`, `ID_USUARIO`, `NOM_ACCION`, `DET_BITACORA_SISTEMA`, `FEC_ACCION`, `HORA_ACCION`) VALUES
	(15, 3, 'NUEVO ROL CREADO', 'SE HA CREADO UN NUEVO ROL EN SISTEMA', '2022-04-22', '01:07:57');
INSERT INTO `as_bitacora_sistema` (`PK_COD_BITACORA`, `ID_USUARIO`, `NOM_ACCION`, `DET_BITACORA_SISTEMA`, `FEC_ACCION`, `HORA_ACCION`) VALUES
	(16, 3, 'NUEVO ROL CREADO', 'SE HA CREADO UN NUEVO ROL EN SISTEMA', '2022-04-22', '23:00:11');
INSERT INTO `as_bitacora_sistema` (`PK_COD_BITACORA`, `ID_USUARIO`, `NOM_ACCION`, `DET_BITACORA_SISTEMA`, `FEC_ACCION`, `HORA_ACCION`) VALUES
	(17, 3, 'NUEVO ROL CREADO', 'SE HA CREADO UN NUEVO ROL EN SISTEMA', '2022-04-22', '23:02:54');
INSERT INTO `as_bitacora_sistema` (`PK_COD_BITACORA`, `ID_USUARIO`, `NOM_ACCION`, `DET_BITACORA_SISTEMA`, `FEC_ACCION`, `HORA_ACCION`) VALUES
	(18, 3, 'NUEVO ROL CREADO', 'SE HA CREADO UN NUEVO ROL EN SISTEMA', '2022-04-23', '01:46:33');
INSERT INTO `as_bitacora_sistema` (`PK_COD_BITACORA`, `ID_USUARIO`, `NOM_ACCION`, `DET_BITACORA_SISTEMA`, `FEC_ACCION`, `HORA_ACCION`) VALUES
	(19, 3, 'NUEVO ROL CREADO', 'SE HA CREADO UN NUEVO ROL EN SISTEMA', '2022-04-23', '01:49:30');
INSERT INTO `as_bitacora_sistema` (`PK_COD_BITACORA`, `ID_USUARIO`, `NOM_ACCION`, `DET_BITACORA_SISTEMA`, `FEC_ACCION`, `HORA_ACCION`) VALUES
	(20, 3, 'NUEVO ROL CREADO', 'SE HA CREADO UN NUEVO ROL EN SISTEMA', '2022-04-23', '02:05:32');
INSERT INTO `as_bitacora_sistema` (`PK_COD_BITACORA`, `ID_USUARIO`, `NOM_ACCION`, `DET_BITACORA_SISTEMA`, `FEC_ACCION`, `HORA_ACCION`) VALUES
	(21, 3, 'NUEVO ROL CREADO', 'SE HA CREADO UN NUEVO ROL EN SISTEMA', '2022-04-23', '02:06:13');
INSERT INTO `as_bitacora_sistema` (`PK_COD_BITACORA`, `ID_USUARIO`, `NOM_ACCION`, `DET_BITACORA_SISTEMA`, `FEC_ACCION`, `HORA_ACCION`) VALUES
	(22, 3, 'ELIMINAR ROL', 'SE HA ELIMINADO UN ROL DE USUARIO', '2022-04-23', '02:07:02');
INSERT INTO `as_bitacora_sistema` (`PK_COD_BITACORA`, `ID_USUARIO`, `NOM_ACCION`, `DET_BITACORA_SISTEMA`, `FEC_ACCION`, `HORA_ACCION`) VALUES
	(23, 3, 'ELIMINAR ROL', 'SE HA ELIMINADO UN ROL DE USUARIO', '2022-04-23', '02:07:07');
INSERT INTO `as_bitacora_sistema` (`PK_COD_BITACORA`, `ID_USUARIO`, `NOM_ACCION`, `DET_BITACORA_SISTEMA`, `FEC_ACCION`, `HORA_ACCION`) VALUES
	(24, 3, 'ELIMINAR ROL', 'SE HA ELIMINADO UN ROL DE USUARIO', '2022-04-23', '02:09:16');
INSERT INTO `as_bitacora_sistema` (`PK_COD_BITACORA`, `ID_USUARIO`, `NOM_ACCION`, `DET_BITACORA_SISTEMA`, `FEC_ACCION`, `HORA_ACCION`) VALUES
	(25, 3, 'SE HAN ACTUALIZADO LAS EXISTENCIAS DEL MATERIAL', 'SE HA REGISTRADO UN INGRESO DE MATERIAL AL INVENTARIO', '2022-04-23', '21:22:36');
INSERT INTO `as_bitacora_sistema` (`PK_COD_BITACORA`, `ID_USUARIO`, `NOM_ACCION`, `DET_BITACORA_SISTEMA`, `FEC_ACCION`, `HORA_ACCION`) VALUES
	(26, 3, 'SE HAN ACTUALIZADO LAS EXISTENCIAS DEL MATERIAL', 'SE HA REGISTRADO UN INGRESO DE MATERIAL AL INVENTARIO', '2022-04-23', '21:22:59');
INSERT INTO `as_bitacora_sistema` (`PK_COD_BITACORA`, `ID_USUARIO`, `NOM_ACCION`, `DET_BITACORA_SISTEMA`, `FEC_ACCION`, `HORA_ACCION`) VALUES
	(27, 3, 'ACTUALIZACIÓN DE EXISTENCIAS', 'SE HA REGISTRADO UN INGRESO DE MATERIAL AL INVENTARIO', '2022-04-25', '21:11:35');
INSERT INTO `as_bitacora_sistema` (`PK_COD_BITACORA`, `ID_USUARIO`, `NOM_ACCION`, `DET_BITACORA_SISTEMA`, `FEC_ACCION`, `HORA_ACCION`) VALUES
	(28, 3, 'NUEVO ROL CREADO', 'SE HA CREADO UN NUEVO ROL EN SISTEMA', '2022-04-26', '23:12:35');
INSERT INTO `as_bitacora_sistema` (`PK_COD_BITACORA`, `ID_USUARIO`, `NOM_ACCION`, `DET_BITACORA_SISTEMA`, `FEC_ACCION`, `HORA_ACCION`) VALUES
	(29, 3, 'ELIMINAR ROL', 'SE HA ELIMINADO UN ROL DE USUARIO', '2022-04-26', '23:12:43');
/*!40000 ALTER TABLE `as_bitacora_sistema` ENABLE KEYS */;

-- Volcando estructura para tabla as.as_catalogo
DROP TABLE IF EXISTS `as_catalogo`;
CREATE TABLE IF NOT EXISTS `as_catalogo` (
  `PK_COD_PRODUCTO` int(11) NOT NULL AUTO_INCREMENT,
  `NOMBRE` varchar(50) COLLATE utf8_spanish2_ci DEFAULT NULL,
  `DETALLE` text COLLATE utf8_spanish2_ci NOT NULL,
  `IMAGEN` varchar(50) COLLATE utf8_spanish2_ci NOT NULL,
  `PRECIO` decimal(7,2) DEFAULT NULL,
  `ELIMINAR` int(1) DEFAULT NULL,
  PRIMARY KEY (`PK_COD_PRODUCTO`)
) ENGINE=InnoDB AUTO_INCREMENT=30 DEFAULT CHARSET=utf8 COLLATE=utf8_spanish2_ci;

-- Volcando datos para la tabla as.as_catalogo: ~9 rows (aproximadamente)
DELETE FROM `as_catalogo`;
/*!40000 ALTER TABLE `as_catalogo` DISABLE KEYS */;
INSERT INTO `as_catalogo` (`PK_COD_PRODUCTO`, `NOMBRE`, `DETALLE`, `IMAGEN`, `PRECIO`, `ELIMINAR`) VALUES
	(21, 'PRODUCTO PERSONALIZADO 1', 'DETALLE DE PRODUCTO 1', 'NINGUNA', 100.00, 0);
INSERT INTO `as_catalogo` (`PK_COD_PRODUCTO`, `NOMBRE`, `DETALLE`, `IMAGEN`, `PRECIO`, `ELIMINAR`) VALUES
	(22, 'PRODUCTO PERSONALIZADO 2', 'DETALLE DE PRODUCTO', 'views/img/default-150x150.png', 50.40, 0);
INSERT INTO `as_catalogo` (`PK_COD_PRODUCTO`, `NOMBRE`, `DETALLE`, `IMAGEN`, `PRECIO`, `ELIMINAR`) VALUES
	(23, 'PRODUCTO PERSONALIZADO 3', 'DETALLE DE PRODUCTO', 'views/img/default-150x150.png', 68.50, 0);
INSERT INTO `as_catalogo` (`PK_COD_PRODUCTO`, `NOMBRE`, `DETALLE`, `IMAGEN`, `PRECIO`, `ELIMINAR`) VALUES
	(24, 'PRODUCTO PERSONALIZADO 4', 'DETALLE DE PRODUCTO', 'views/img/default-150x150.png', 63.20, 0);
INSERT INTO `as_catalogo` (`PK_COD_PRODUCTO`, `NOMBRE`, `DETALLE`, `IMAGEN`, `PRECIO`, `ELIMINAR`) VALUES
	(25, 'PRODUCTO PERSONALIZADO 5', 'DETALLES DEL PRODUCTO', 'views/img/default-150x150.png', 120.60, 0);
INSERT INTO `as_catalogo` (`PK_COD_PRODUCTO`, `NOMBRE`, `DETALLE`, `IMAGEN`, `PRECIO`, `ELIMINAR`) VALUES
	(26, 'PRODUCTO PERSONALIZADO 6', 'DETALLES DE PRODUCTO', 'views/img/default-150x150.png', 700.50, 0);
INSERT INTO `as_catalogo` (`PK_COD_PRODUCTO`, `NOMBRE`, `DETALLE`, `IMAGEN`, `PRECIO`, `ELIMINAR`) VALUES
	(27, 'PRODUCTO PERSONALIZADO 7', 'DETALLES', 'views/img/default-150x150.png', 90.40, 0);
INSERT INTO `as_catalogo` (`PK_COD_PRODUCTO`, `NOMBRE`, `DETALLE`, `IMAGEN`, `PRECIO`, `ELIMINAR`) VALUES
	(28, 'PRODUCTO 1', 'DETALLES', 'views/img/default-150x150.png', 100.00, 0);
INSERT INTO `as_catalogo` (`PK_COD_PRODUCTO`, `NOMBRE`, `DETALLE`, `IMAGEN`, `PRECIO`, `ELIMINAR`) VALUES
	(29, 'PRODUCTO PERSONALIZADO 304', 'DETALLE DE PRODUCTO PRODUCTO', 'views/img/default-150x150.png', 78.00, 0);
/*!40000 ALTER TABLE `as_catalogo` ENABLE KEYS */;

-- Volcando estructura para tabla as.as_categoria_material
DROP TABLE IF EXISTS `as_categoria_material`;
CREATE TABLE IF NOT EXISTS `as_categoria_material` (
  `PK_COD_CATEGORIA` int(11) NOT NULL AUTO_INCREMENT COMMENT 'CODIGO UNICO DE CADA REGISTRO',
  `NOM_CATEGORIA` varchar(45) COLLATE utf8_spanish2_ci NOT NULL COMMENT 'NOMBRE DE LA CATEGORIA',
  `DET_CATEGORIA` text COLLATE utf8_spanish2_ci COMMENT 'DETALLE DE LA CATEGORIA',
  PRIMARY KEY (`PK_COD_CATEGORIA`)
) ENGINE=InnoDB AUTO_INCREMENT=5 DEFAULT CHARSET=utf8 COLLATE=utf8_spanish2_ci COMMENT='TABLA QUE REGISTRA LAS CATEGORIAS DE LOS MATERIALES [ABR:CATEGORIAS]';

-- Volcando datos para la tabla as.as_categoria_material: ~3 rows (aproximadamente)
DELETE FROM `as_categoria_material`;
/*!40000 ALTER TABLE `as_categoria_material` DISABLE KEYS */;
INSERT INTO `as_categoria_material` (`PK_COD_CATEGORIA`, `NOM_CATEGORIA`, `DET_CATEGORIA`) VALUES
	(1, 'Madera', 'Es un material ortótropo encontrado como principal contenido del tronco de un árbol. ');
INSERT INTO `as_categoria_material` (`PK_COD_CATEGORIA`, `NOM_CATEGORIA`, `DET_CATEGORIA`) VALUES
	(3, 'Vidrio', 'Es un material inorgánico duro, frágil, transparente y amorfo que se encuentra en la naturaleza');
INSERT INTO `as_categoria_material` (`PK_COD_CATEGORIA`, `NOM_CATEGORIA`, `DET_CATEGORIA`) VALUES
	(4, 'Metal', 'Elementos químicos caracterizados por ser buenos conductores del calor y la electricidad, poseer alta densidad, y ser sólidos a temperaturas normales.');
/*!40000 ALTER TABLE `as_categoria_material` ENABLE KEYS */;

-- Volcando estructura para tabla as.as_clientes
DROP TABLE IF EXISTS `as_clientes`;
CREATE TABLE IF NOT EXISTS `as_clientes` (
  `PK_COD_CLIENTE` int(11) NOT NULL AUTO_INCREMENT COMMENT 'CODIGO IDENTIFICADOR ÚNICO DE LA TABLA [ABR: CODCLN]',
  `COD_TIPO_IDENTIFICACION` int(11) DEFAULT NULL COMMENT 'CODIGO DEL TIPO DE IDENTIFICACION CON EL QUE SE ESTA REGISTRANDO EL CLIENTE',
  `NO_IDENTIFICACION` varchar(20) COLLATE utf8_spanish2_ci DEFAULT NULL COMMENT 'NUMERO DE IDENTIFICACION DEL CLIENTE',
  `NOM_CLIENTE` varchar(45) COLLATE utf8_spanish2_ci NOT NULL COMMENT 'PRIMER Y/O SEGUNDO NOMBRE DEL CLIENTE',
  `APE_CLIENTE` varchar(45) COLLATE utf8_spanish2_ci NOT NULL COMMENT 'PRIMER Y/O SEGUNDO APELLIDO DEL CLIENTE',
  `EMAIL` varchar(50) COLLATE utf8_spanish2_ci DEFAULT NULL COMMENT 'CORREO ELECTRONICO DEL CLIENTE',
  `TELEFONO` varchar(20) COLLATE utf8_spanish2_ci DEFAULT NULL COMMENT 'NUMERO DE TELEFONO FIJO DEL CLIENTE',
  `CELULAR` varchar(20) COLLATE utf8_spanish2_ci NOT NULL COMMENT 'NUMERO DE TELEFONO MOVIL DEL CLIENTE',
  `CREDITO` int(1) NOT NULL COMMENT 'DISPONIBILIDAD DE CREDITO DEL CLIENTE',
  `LIM_CREDITO` decimal(7,2) NOT NULL COMMENT 'LIMITE DE CREDITO QUE SE LE PUEDE DAR AL CLIENTE',
  `ELIMINAR` int(1) DEFAULT NULL,
  PRIMARY KEY (`PK_COD_CLIENTE`),
  KEY `IDX_CLIENTES_1` (`COD_TIPO_IDENTIFICACION`),
  CONSTRAINT `FK_CLIENTES_TIPOSDEIDNTS` FOREIGN KEY (`COD_TIPO_IDENTIFICACION`) REFERENCES `as_tipos_identificaciones` (`PK_COD_TIPO_IDENTIFICACION`) ON DELETE CASCADE ON UPDATE CASCADE
) ENGINE=InnoDB AUTO_INCREMENT=29 DEFAULT CHARSET=utf8 COLLATE=utf8_spanish2_ci COMMENT='TABLA QUE CONTIENE TODOS LOS DATOS DE LOS CLIENTES REGISTRADOS [ABR:CLIENTES]';

-- Volcando datos para la tabla as.as_clientes: ~6 rows (aproximadamente)
DELETE FROM `as_clientes`;
/*!40000 ALTER TABLE `as_clientes` DISABLE KEYS */;
INSERT INTO `as_clientes` (`PK_COD_CLIENTE`, `COD_TIPO_IDENTIFICACION`, `NO_IDENTIFICACION`, `NOM_CLIENTE`, `APE_CLIENTE`, `EMAIL`, `TELEFONO`, `CELULAR`, `CREDITO`, `LIM_CREDITO`, `ELIMINAR`) VALUES
	(22, 1, '0801-2000-17845', 'Juan Mauricio', 'Munguia Posas', '', '2446-4069', '8890-7069', 1, 1000.00, 0);
INSERT INTO `as_clientes` (`PK_COD_CLIENTE`, `COD_TIPO_IDENTIFICACION`, `NO_IDENTIFICACION`, `NOM_CLIENTE`, `APE_CLIENTE`, `EMAIL`, `TELEFONO`, `CELULAR`, `CREDITO`, `LIM_CREDITO`, `ELIMINAR`) VALUES
	(23, 1, '', 'Marina', 'Sosa', '', '', '', 0, 0.00, 1);
INSERT INTO `as_clientes` (`PK_COD_CLIENTE`, `COD_TIPO_IDENTIFICACION`, `NO_IDENTIFICACION`, `NOM_CLIENTE`, `APE_CLIENTE`, `EMAIL`, `TELEFONO`, `CELULAR`, `CREDITO`, `LIM_CREDITO`, `ELIMINAR`) VALUES
	(24, 1, '', 'Maria', 'Garcia', '', '', '', 0, 0.00, 0);
INSERT INTO `as_clientes` (`PK_COD_CLIENTE`, `COD_TIPO_IDENTIFICACION`, `NO_IDENTIFICACION`, `NOM_CLIENTE`, `APE_CLIENTE`, `EMAIL`, `TELEFONO`, `CELULAR`, `CREDITO`, `LIM_CREDITO`, `ELIMINAR`) VALUES
	(25, 1, '', 'Ricardo', 'Amador', 'ricardoamador@gmail.com', '', '', 1, 100.00, 0);
INSERT INTO `as_clientes` (`PK_COD_CLIENTE`, `COD_TIPO_IDENTIFICACION`, `NO_IDENTIFICACION`, `NOM_CLIENTE`, `APE_CLIENTE`, `EMAIL`, `TELEFONO`, `CELULAR`, `CREDITO`, `LIM_CREDITO`, `ELIMINAR`) VALUES
	(26, 1, '1807-2000-50689', 'Nadia', 'Medina', '', '', '', 0, 0.00, 0);
INSERT INTO `as_clientes` (`PK_COD_CLIENTE`, `COD_TIPO_IDENTIFICACION`, `NO_IDENTIFICACION`, `NOM_CLIENTE`, `APE_CLIENTE`, `EMAIL`, `TELEFONO`, `CELULAR`, `CREDITO`, `LIM_CREDITO`, `ELIMINAR`) VALUES
	(27, 1, '', 'Juan Mauricio', 'Moncada Portillo', 'juanmoncada@example.es', '', '', 0, 0.00, 1);
INSERT INTO `as_clientes` (`PK_COD_CLIENTE`, `COD_TIPO_IDENTIFICACION`, `NO_IDENTIFICACION`, `NOM_CLIENTE`, `APE_CLIENTE`, `EMAIL`, `TELEFONO`, `CELULAR`, `CREDITO`, `LIM_CREDITO`, `ELIMINAR`) VALUES
	(28, 1, '1807-2000-00582', 'Maria Jhose', 'Garcia Munguia', 'mariajhosegarciamunguia@gmail.com', '2446-9562', '8756-9868', 1, 5000.00, 0);
/*!40000 ALTER TABLE `as_clientes` ENABLE KEYS */;

-- Volcando estructura para tabla as.as_compras
DROP TABLE IF EXISTS `as_compras`;
CREATE TABLE IF NOT EXISTS `as_compras` (
  `PK_COD_COMPRA` int(11) NOT NULL AUTO_INCREMENT COMMENT 'CODIGO UNICO DE CADA REGISTRO',
  `NO_FACTURA_COMPRA` varchar(30) COLLATE utf8_spanish2_ci DEFAULT NULL COMMENT 'NUMERO LEGAL DE LA FACTURA',
  `COD_PROVEEDOR` int(11) NOT NULL COMMENT 'CODIGO DEL PROVEEDOR',
  `FEC_COMPRA` date NOT NULL COMMENT 'FECHA DE LA COMPRA',
  `SUBTOTAL` decimal(7,2) NOT NULL COMMENT 'SUBTOTAL DE LA COMPRA',
  `DESCUENTO` decimal(7,2) DEFAULT NULL COMMENT 'DESCUENTO OTORGADO DE LA COMPRA',
  `ISV` decimal(7,2) NOT NULL COMMENT 'IMPUESTO SOBRE VENTA DE LA COMPRA',
  `TOTAL_PAGAR` decimal(7,2) NOT NULL COMMENT 'TOTAL A PAGAR DE LA COMPRA',
  PRIMARY KEY (`PK_COD_COMPRA`),
  KEY `IDX_COMPRAS_1` (`COD_PROVEEDOR`),
  CONSTRAINT `FK_COMPRAS_PROVEEDO` FOREIGN KEY (`COD_PROVEEDOR`) REFERENCES `as_proveedores` (`PK_COD_PROVEEDOR`) ON DELETE CASCADE ON UPDATE CASCADE
) ENGINE=InnoDB AUTO_INCREMENT=11 DEFAULT CHARSET=utf8 COLLATE=utf8_spanish2_ci COMMENT='TABLA QUE REGISTRA LAS COMPRAS [ABR: COMPRAS]';

-- Volcando datos para la tabla as.as_compras: ~8 rows (aproximadamente)
DELETE FROM `as_compras`;
/*!40000 ALTER TABLE `as_compras` DISABLE KEYS */;
INSERT INTO `as_compras` (`PK_COD_COMPRA`, `NO_FACTURA_COMPRA`, `COD_PROVEEDOR`, `FEC_COMPRA`, `SUBTOTAL`, `DESCUENTO`, `ISV`, `TOTAL_PAGAR`) VALUES
	(3, '123-123-12-12345', 2, '2020-01-25', 100.00, 0.00, 15.00, 115.00);
INSERT INTO `as_compras` (`PK_COD_COMPRA`, `NO_FACTURA_COMPRA`, `COD_PROVEEDOR`, `FEC_COMPRA`, `SUBTOTAL`, `DESCUENTO`, `ISV`, `TOTAL_PAGAR`) VALUES
	(4, '123-123-15-12456', 3, '2020-02-25', 120.00, 20.00, 15.00, 115.00);
INSERT INTO `as_compras` (`PK_COD_COMPRA`, `NO_FACTURA_COMPRA`, `COD_PROVEEDOR`, `FEC_COMPRA`, `SUBTOTAL`, `DESCUENTO`, `ISV`, `TOTAL_PAGAR`) VALUES
	(5, '145-120-20-25874', 3, '2022-04-12', 100.00, 0.00, 15.00, 115.00);
INSERT INTO `as_compras` (`PK_COD_COMPRA`, `NO_FACTURA_COMPRA`, `COD_PROVEEDOR`, `FEC_COMPRA`, `SUBTOTAL`, `DESCUENTO`, `ISV`, `TOTAL_PAGAR`) VALUES
	(6, '421-200-58-12745', 3, '2022-04-05', 120.00, 20.00, 15.00, 115.00);
INSERT INTO `as_compras` (`PK_COD_COMPRA`, `NO_FACTURA_COMPRA`, `COD_PROVEEDOR`, `FEC_COMPRA`, `SUBTOTAL`, `DESCUENTO`, `ISV`, `TOTAL_PAGAR`) VALUES
	(7, '410-417-45-52638', 3, '2022-04-12', 150.00, 0.00, 15.00, 115.00);
INSERT INTO `as_compras` (`PK_COD_COMPRA`, `NO_FACTURA_COMPRA`, `COD_PROVEEDOR`, `FEC_COMPRA`, `SUBTOTAL`, `DESCUENTO`, `ISV`, `TOTAL_PAGAR`) VALUES
	(8, '456-985-69-20865', 2, '2022-04-06', 150.00, 0.00, 15.00, 115.00);
INSERT INTO `as_compras` (`PK_COD_COMPRA`, `NO_FACTURA_COMPRA`, `COD_PROVEEDOR`, `FEC_COMPRA`, `SUBTOTAL`, `DESCUENTO`, `ISV`, `TOTAL_PAGAR`) VALUES
	(9, '456-855-96-52460', 3, '2022-04-13', 1250.00, 250.00, 115.00, 1150.00);
INSERT INTO `as_compras` (`PK_COD_COMPRA`, `NO_FACTURA_COMPRA`, `COD_PROVEEDOR`, `FEC_COMPRA`, `SUBTOTAL`, `DESCUENTO`, `ISV`, `TOTAL_PAGAR`) VALUES
	(10, '410-987-65-52741', 3, '2022-02-22', 1000.00, 0.00, 150.00, 1150.00);
/*!40000 ALTER TABLE `as_compras` ENABLE KEYS */;

-- Volcando estructura para tabla as.as_cotizaciones
DROP TABLE IF EXISTS `as_cotizaciones`;
CREATE TABLE IF NOT EXISTS `as_cotizaciones` (
  `PK_COD_COTIZACION` int(11) NOT NULL AUTO_INCREMENT,
  `COD_CLIENTE` int(11) NOT NULL,
  `ID_USUARIO` int(11) NOT NULL,
  `FEC_COTIZACION` date NOT NULL,
  `HORA_COTIZACION` time NOT NULL,
  `SUBTOTAL` decimal(7,2) NOT NULL,
  `DESCUENTO` decimal(7,2) DEFAULT NULL,
  `ISV` decimal(7,2) NOT NULL,
  `TOTAL_PAGAR` decimal(7,2) NOT NULL,
  PRIMARY KEY (`PK_COD_COTIZACION`),
  KEY `IDX_COTIZACIONES_1` (`COD_CLIENTE`),
  KEY `IDX_COTIZACIONES_2` (`ID_USUARIO`),
  CONSTRAINT `FK_COTIZACIONES_CLIENTES` FOREIGN KEY (`COD_CLIENTE`) REFERENCES `as_clientes` (`PK_COD_CLIENTE`) ON DELETE CASCADE ON UPDATE CASCADE,
  CONSTRAINT `FK_COTIZACIONES_USUARIOSSTM` FOREIGN KEY (`ID_USUARIO`) REFERENCES `as_usuarios_sistema` (`PK_ID_USUARIO`) ON DELETE CASCADE ON UPDATE CASCADE
) ENGINE=InnoDB AUTO_INCREMENT=6 DEFAULT CHARSET=utf8 COLLATE=utf8_spanish2_ci;

-- Volcando datos para la tabla as.as_cotizaciones: ~18 rows (aproximadamente)
DELETE FROM `as_cotizaciones`;
/*!40000 ALTER TABLE `as_cotizaciones` DISABLE KEYS */;
INSERT INTO `as_cotizaciones` (`PK_COD_COTIZACION`, `COD_CLIENTE`, `ID_USUARIO`, `FEC_COTIZACION`, `HORA_COTIZACION`, `SUBTOTAL`, `DESCUENTO`, `ISV`, `TOTAL_PAGAR`) VALUES
	(1, 25, 3, '2022-04-19', '20:54:50', 200.00, 40.00, 24.00, 184.00);
INSERT INTO `as_cotizaciones` (`PK_COD_COTIZACION`, `COD_CLIENTE`, `ID_USUARIO`, `FEC_COTIZACION`, `HORA_COTIZACION`, `SUBTOTAL`, `DESCUENTO`, `ISV`, `TOTAL_PAGAR`) VALUES
	(3, 24, 3, '2022-04-19', '23:40:08', 201.60, 0.00, 30.24, 231.84);
INSERT INTO `as_cotizaciones` (`PK_COD_COTIZACION`, `COD_CLIENTE`, `ID_USUARIO`, `FEC_COTIZACION`, `HORA_COTIZACION`, `SUBTOTAL`, `DESCUENTO`, `ISV`, `TOTAL_PAGAR`) VALUES
	(4, 24, 3, '2022-04-24', '20:42:05', 226.40, 0.00, 33.96, 260.36);
INSERT INTO `as_cotizaciones` (`PK_COD_COTIZACION`, `COD_CLIENTE`, `ID_USUARIO`, `FEC_COTIZACION`, `HORA_COTIZACION`, `SUBTOTAL`, `DESCUENTO`, `ISV`, `TOTAL_PAGAR`) VALUES
	(5, 26, 3, '2022-04-27', '01:55:47', 1256.00, 188.40, 160.14, 1227.74);
/*!40000 ALTER TABLE `as_cotizaciones` ENABLE KEYS */;

-- Volcando estructura para tabla as.as_cuentas_clientes
DROP TABLE IF EXISTS `as_cuentas_clientes`;
CREATE TABLE IF NOT EXISTS `as_cuentas_clientes` (
  `PK_NO_CUENTA` int(11) NOT NULL AUTO_INCREMENT COMMENT 'NUMERO UNICO DE CADA CUENTA',
  `COD_CLIENTE` int(11) NOT NULL COMMENT 'CODIGO UNICO DE CADA CLIENTE',
  `SALDO` decimal(7,2) NOT NULL COMMENT 'SALDO DAUDOR DE LA CUENTA',
  PRIMARY KEY (`PK_NO_CUENTA`),
  KEY `IDX_CUENTAS_1` (`COD_CLIENTE`),
  CONSTRAINT `FK_CUENTAS_CLIENTES` FOREIGN KEY (`COD_CLIENTE`) REFERENCES `as_clientes` (`PK_COD_CLIENTE`) ON DELETE CASCADE ON UPDATE CASCADE
) ENGINE=InnoDB DEFAULT CHARSET=utf8 COLLATE=utf8_spanish2_ci COMMENT='TABLA QUE CONTIENE TODAS LAS CUENTAS REGISTRADAS DE LOS CLIENTES [ABR:CUENTAS]';

-- Volcando datos para la tabla as.as_cuentas_clientes: ~0 rows (aproximadamente)
DELETE FROM `as_cuentas_clientes`;
/*!40000 ALTER TABLE `as_cuentas_clientes` DISABLE KEYS */;
/*!40000 ALTER TABLE `as_cuentas_clientes` ENABLE KEYS */;

-- Volcando estructura para tabla as.as_detalles_cotizaciones
DROP TABLE IF EXISTS `as_detalles_cotizaciones`;
CREATE TABLE IF NOT EXISTS `as_detalles_cotizaciones` (
  `PK_COD_DET_COTIZACION` int(11) NOT NULL AUTO_INCREMENT,
  `COD_COTIZACION` int(11) NOT NULL,
  `COD_PRODUCTO` int(11) NOT NULL,
  `CANT_PRODUCTO` int(11) NOT NULL,
  `PRECIO_PRODUCTO` decimal(7,2) NOT NULL,
  `TOTAL_PAGAR_PRODUCTO` decimal(7,2) NOT NULL,
  PRIMARY KEY (`PK_COD_DET_COTIZACION`),
  KEY `IDX_DETCOTIZACN_1` (`COD_COTIZACION`),
  CONSTRAINT `FK_COTIZACIONES_DETCOTIZACN` FOREIGN KEY (`COD_COTIZACION`) REFERENCES `as_cotizaciones` (`PK_COD_COTIZACION`) ON DELETE CASCADE ON UPDATE CASCADE
) ENGINE=InnoDB AUTO_INCREMENT=9 DEFAULT CHARSET=utf8 COLLATE=utf8_spanish2_ci;

-- Volcando datos para la tabla as.as_detalles_cotizaciones: ~7 rows (aproximadamente)
DELETE FROM `as_detalles_cotizaciones`;
/*!40000 ALTER TABLE `as_detalles_cotizaciones` DISABLE KEYS */;
INSERT INTO `as_detalles_cotizaciones` (`PK_COD_DET_COTIZACION`, `COD_COTIZACION`, `COD_PRODUCTO`, `CANT_PRODUCTO`, `PRECIO_PRODUCTO`, `TOTAL_PAGAR_PRODUCTO`) VALUES
	(1, 1, 28, 2, 100.00, 200.00);
INSERT INTO `as_detalles_cotizaciones` (`PK_COD_DET_COTIZACION`, `COD_COTIZACION`, `COD_PRODUCTO`, `CANT_PRODUCTO`, `PRECIO_PRODUCTO`, `TOTAL_PAGAR_PRODUCTO`) VALUES
	(3, 3, 22, 4, 50.40, 201.60);
INSERT INTO `as_detalles_cotizaciones` (`PK_COD_DET_COTIZACION`, `COD_COTIZACION`, `COD_PRODUCTO`, `CANT_PRODUCTO`, `PRECIO_PRODUCTO`, `TOTAL_PAGAR_PRODUCTO`) VALUES
	(4, 4, 21, 1, 100.00, 100.00);
INSERT INTO `as_detalles_cotizaciones` (`PK_COD_DET_COTIZACION`, `COD_COTIZACION`, `COD_PRODUCTO`, `CANT_PRODUCTO`, `PRECIO_PRODUCTO`, `TOTAL_PAGAR_PRODUCTO`) VALUES
	(5, 4, 24, 2, 63.20, 126.40);
INSERT INTO `as_detalles_cotizaciones` (`PK_COD_DET_COTIZACION`, `COD_COTIZACION`, `COD_PRODUCTO`, `CANT_PRODUCTO`, `PRECIO_PRODUCTO`, `TOTAL_PAGAR_PRODUCTO`) VALUES
	(6, 5, 21, 3, 100.00, 300.00);
INSERT INTO `as_detalles_cotizaciones` (`PK_COD_DET_COTIZACION`, `COD_COTIZACION`, `COD_PRODUCTO`, `CANT_PRODUCTO`, `PRECIO_PRODUCTO`, `TOTAL_PAGAR_PRODUCTO`) VALUES
	(7, 5, 28, 8, 100.00, 800.00);
INSERT INTO `as_detalles_cotizaciones` (`PK_COD_DET_COTIZACION`, `COD_COTIZACION`, `COD_PRODUCTO`, `CANT_PRODUCTO`, `PRECIO_PRODUCTO`, `TOTAL_PAGAR_PRODUCTO`) VALUES
	(8, 5, 29, 2, 78.00, 156.00);
/*!40000 ALTER TABLE `as_detalles_cotizaciones` ENABLE KEYS */;

-- Volcando estructura para tabla as.as_direcciones_clientes
DROP TABLE IF EXISTS `as_direcciones_clientes`;
CREATE TABLE IF NOT EXISTS `as_direcciones_clientes` (
  `PK_COD_DIRECCION` int(11) NOT NULL AUTO_INCREMENT COMMENT 'CODIGO IDENTIFICADOR ÚNICO DE LA TABLA [ABR: CODDIR]',
  `COD_CLIENTE` int(11) NOT NULL COMMENT 'CODIGO UNICO DE CADA CLIENTE REGISTARADO',
  `DEPARTAMENTO` varchar(45) COLLATE utf8_spanish2_ci NOT NULL COMMENT 'NOMBRE DEL DEPARTAMENTO',
  `MUNICIPIO` varchar(45) COLLATE utf8_spanish2_ci NOT NULL COMMENT 'NOMBRE DEL MUNICIPIO',
  `CIUDAD` varchar(45) COLLATE utf8_spanish2_ci NOT NULL COMMENT 'NOMBRE DE LA CIUDAD',
  `BARRIO_COLONIA` varchar(45) COLLATE utf8_spanish2_ci NOT NULL COMMENT 'NOMBRE DEL BARRIO Y/O COLONIA',
  `DET_DIRECCION` text COLLATE utf8_spanish2_ci NOT NULL COMMENT 'DETALLE COMPLETO DE LA DIRECCION DEL CLIENTE',
  PRIMARY KEY (`PK_COD_DIRECCION`),
  KEY `IDX_DIRCLN_1` (`COD_CLIENTE`),
  CONSTRAINT `FK_DIRCLN_CLIENTES` FOREIGN KEY (`COD_CLIENTE`) REFERENCES `as_clientes` (`PK_COD_CLIENTE`) ON DELETE CASCADE ON UPDATE CASCADE
) ENGINE=InnoDB AUTO_INCREMENT=2 DEFAULT CHARSET=utf8 COLLATE=utf8_spanish2_ci COMMENT='TABLA QUE CONTIENE TODAS LAS DIRECCIONES REGISTRADAS DE LOS CLIENTES [ABR:DIRCLN]';

-- Volcando datos para la tabla as.as_direcciones_clientes: ~0 rows (aproximadamente)
DELETE FROM `as_direcciones_clientes`;
/*!40000 ALTER TABLE `as_direcciones_clientes` DISABLE KEYS */;
INSERT INTO `as_direcciones_clientes` (`PK_COD_DIRECCION`, `COD_CLIENTE`, `DEPARTAMENTO`, `MUNICIPIO`, `CIUDAD`, `BARRIO_COLONIA`, `DET_DIRECCION`) VALUES
	(1, 28, 'xxx', 'xxx', 'xxx', 'xx', 'xxx');
/*!40000 ALTER TABLE `as_direcciones_clientes` ENABLE KEYS */;

-- Volcando estructura para tabla as.as_empleados
DROP TABLE IF EXISTS `as_empleados`;
CREATE TABLE IF NOT EXISTS `as_empleados` (
  `PK_COD_EMPLEADO` int(11) NOT NULL AUTO_INCREMENT COMMENT 'CODIGO ÚNICO DE CADA REGISTO EN LA TABLA [ABR: CODEMPL]',
  `NOMBRE` varchar(45) COLLATE utf8_spanish2_ci NOT NULL COMMENT 'PRIMER Y/O SEGUNDO NOMBRE DEL EMPLEADO',
  `APELLIDO` varchar(45) COLLATE utf8_spanish2_ci NOT NULL COMMENT 'PRIMER Y/O SEGUNDO APELLIDO DEL EMPLEADO',
  `FEC_NACIMIENTO` date DEFAULT NULL COMMENT 'FECHA DE NACIMIENTO DEL EMPLEADO',
  `SEXO` varchar(1) COLLATE utf8_spanish2_ci NOT NULL COMMENT 'SEXO DEL EMPLEADO',
  `DIRECCION` text COLLATE utf8_spanish2_ci COMMENT 'DOMICILIO ACTUAL DEL EMPLEADO',
  `TELEFONO` varchar(20) COLLATE utf8_spanish2_ci DEFAULT NULL COMMENT 'NÚMERO DE TELEFONO FIJO DEL EMPLEADO',
  `CELULAR` text COLLATE utf8_spanish2_ci NOT NULL COMMENT 'NÚMERO DE TELEFONO MÓVIL DEL EMPLEADO',
  `EMAIL` varchar(50) COLLATE utf8_spanish2_ci NOT NULL COMMENT 'CORREO ELECTRONICO DEL EMPLEADO',
  PRIMARY KEY (`PK_COD_EMPLEADO`)
) ENGINE=InnoDB AUTO_INCREMENT=14 DEFAULT CHARSET=utf8 COLLATE=utf8_spanish2_ci COMMENT='TABLA CON LOS DATOS DE TODOS LOS EMPLEADOS DE LA EMPRESA [ABR: EMPL]';

-- Volcando datos para la tabla as.as_empleados: ~6 rows (aproximadamente)
DELETE FROM `as_empleados`;
/*!40000 ALTER TABLE `as_empleados` DISABLE KEYS */;
INSERT INTO `as_empleados` (`PK_COD_EMPLEADO`, `NOMBRE`, `APELLIDO`, `FEC_NACIMIENTO`, `SEXO`, `DIRECCION`, `TELEFONO`, `CELULAR`, `EMAIL`) VALUES
	(1, 'Daniel', 'Posas', '1989-12-02', 'M', NULL, NULL, '89780989', 'danielposas@gmail.com');
INSERT INTO `as_empleados` (`PK_COD_EMPLEADO`, `NOMBRE`, `APELLIDO`, `FEC_NACIMIENTO`, `SEXO`, `DIRECCION`, `TELEFONO`, `CELULAR`, `EMAIL`) VALUES
	(2, 'MARIA', 'GARCIA', '2000-01-24', 'F', 'COL. ROSALEA', '2446-9856', '8769-0343', 'mariagarcia@example.com');
INSERT INTO `as_empleados` (`PK_COD_EMPLEADO`, `NOMBRE`, `APELLIDO`, `FEC_NACIMIENTO`, `SEXO`, `DIRECCION`, `TELEFONO`, `CELULAR`, `EMAIL`) VALUES
	(7, 'MARIANO', 'MUNGUIA', '2022-04-07', 'M', 'COL. LA CRUZ', '', '9780-5704', 'mariano@email.com');
INSERT INTO `as_empleados` (`PK_COD_EMPLEADO`, `NOMBRE`, `APELLIDO`, `FEC_NACIMIENTO`, `SEXO`, `DIRECCION`, `TELEFONO`, `CELULAR`, `EMAIL`) VALUES
	(12, 'JUANA', 'MURILLO', '1990-12-30', 'F', 'COL. LA ROSA', '', '9780-6705', 'juana@gmail.com');
INSERT INTO `as_empleados` (`PK_COD_EMPLEADO`, `NOMBRE`, `APELLIDO`, `FEC_NACIMIENTO`, `SEXO`, `DIRECCION`, `TELEFONO`, `CELULAR`, `EMAIL`) VALUES
	(13, 'JUANA', 'MURILLO', '1990-12-30', 'F', 'COL. LA ROSA', '', '9780-6705', 'juana@gmail.com');
/*!40000 ALTER TABLE `as_empleados` ENABLE KEYS */;

-- Volcando estructura para tabla as.as_inventario_materiales
DROP TABLE IF EXISTS `as_inventario_materiales`;
CREATE TABLE IF NOT EXISTS `as_inventario_materiales` (
  `PK_COD_MATERIAL` int(11) NOT NULL AUTO_INCREMENT COMMENT 'CODIGO UNICO DE CADA REGISTRO',
  `COD_BARRAS` varchar(30) COLLATE utf8_spanish2_ci DEFAULT NULL,
  `NOM_MATERIAL` varchar(45) COLLATE utf8_spanish2_ci NOT NULL,
  `DET_MATERIAL` text COLLATE utf8_spanish2_ci,
  `COD_CATEGORIA` int(11) NOT NULL,
  `PRECIO_VENTA` decimal(7,2) NOT NULL,
  `EXISTENCIAS` decimal(7,2) NOT NULL,
  `MIN_EXISTENCIAS` decimal(7,2) NOT NULL,
  `MAX_EXISTENCIAS` decimal(7,2) NOT NULL,
  `ELIMINAR` varchar(50) COLLATE utf8_spanish2_ci NOT NULL DEFAULT '',
  PRIMARY KEY (`PK_COD_MATERIAL`),
  KEY `IDX_INVMATERL_1` (`COD_CATEGORIA`),
  CONSTRAINT `FK_INVMATERL_CATEGORIAS` FOREIGN KEY (`COD_CATEGORIA`) REFERENCES `as_categoria_material` (`PK_COD_CATEGORIA`) ON DELETE CASCADE ON UPDATE CASCADE
) ENGINE=InnoDB AUTO_INCREMENT=6 DEFAULT CHARSET=utf8 COLLATE=utf8_spanish2_ci COMMENT='TABLA CON EL REGISTRO DEL INVENTARIO DE MATERIALES [ABR:INVMATERL]';

-- Volcando datos para la tabla as.as_inventario_materiales: ~5 rows (aproximadamente)
DELETE FROM `as_inventario_materiales`;
/*!40000 ALTER TABLE `as_inventario_materiales` DISABLE KEYS */;
INSERT INTO `as_inventario_materiales` (`PK_COD_MATERIAL`, `COD_BARRAS`, `NOM_MATERIAL`, `DET_MATERIAL`, `COD_CATEGORIA`, `PRECIO_VENTA`, `EXISTENCIAS`, `MIN_EXISTENCIAS`, `MAX_EXISTENCIAS`, `ELIMINAR`) VALUES
	(1, '1234567', 'VIDRIO', 'VIDRIO ANTI-BALAS', 3, 500.00, 24.00, 10.00, 50.00, '0');
INSERT INTO `as_inventario_materiales` (`PK_COD_MATERIAL`, `COD_BARRAS`, `NOM_MATERIAL`, `DET_MATERIAL`, `COD_CATEGORIA`, `PRECIO_VENTA`, `EXISTENCIAS`, `MIN_EXISTENCIAS`, `MAX_EXISTENCIAS`, `ELIMINAR`) VALUES
	(2, '123457654', 'VIDRIO ULTRA FINO', 'VIDRIO DELGADO DE 1CM DE GROSOR', 3, 500.00, 25.00, 5.00, 100.00, '0');
INSERT INTO `as_inventario_materiales` (`PK_COD_MATERIAL`, `COD_BARRAS`, `NOM_MATERIAL`, `DET_MATERIAL`, `COD_CATEGORIA`, `PRECIO_VENTA`, `EXISTENCIAS`, `MIN_EXISTENCIAS`, `MAX_EXISTENCIAS`, `ELIMINAR`) VALUES
	(3, '123476543', 'Madera de Roble', 'Madera 100% de Roble', 1, 450.00, 0.00, 10.00, 55.00, '0');
INSERT INTO `as_inventario_materiales` (`PK_COD_MATERIAL`, `COD_BARRAS`, `NOM_MATERIAL`, `DET_MATERIAL`, `COD_CATEGORIA`, `PRECIO_VENTA`, `EXISTENCIAS`, `MIN_EXISTENCIAS`, `MAX_EXISTENCIAS`, `ELIMINAR`) VALUES
	(4, '564', 'vsgv', 'dbbahfh', 1, 40.00, 0.00, 5.00, 100.00, '1');
INSERT INTO `as_inventario_materiales` (`PK_COD_MATERIAL`, `COD_BARRAS`, `NOM_MATERIAL`, `DET_MATERIAL`, `COD_CATEGORIA`, `PRECIO_VENTA`, `EXISTENCIAS`, `MIN_EXISTENCIAS`, `MAX_EXISTENCIAS`, `ELIMINAR`) VALUES
	(5, '123456', 'MADERA DE CAOBA', '100% IMPORTADA', 1, 500.00, 5.00, 10.00, 50.00, '0');
/*!40000 ALTER TABLE `as_inventario_materiales` ENABLE KEYS */;

-- Volcando estructura para tabla as.as_material_compra_proveedor
DROP TABLE IF EXISTS `as_material_compra_proveedor`;
CREATE TABLE IF NOT EXISTS `as_material_compra_proveedor` (
  `PK_COD_MCP` int(11) NOT NULL AUTO_INCREMENT,
  `COD_MATERIAL` int(11) NOT NULL,
  `COD_PROVEEDOR` int(11) NOT NULL,
  `PRECIO_COMPRA` decimal(7,2) NOT NULL,
  PRIMARY KEY (`PK_COD_MCP`),
  KEY `IDX_MTCOMPPROV_1` (`COD_PROVEEDOR`),
  KEY `IDX_MTCOMPPROV_2` (`COD_MATERIAL`),
  CONSTRAINT `FK_MTCOMPPROV_INVMATERL` FOREIGN KEY (`COD_MATERIAL`) REFERENCES `as_inventario_materiales` (`PK_COD_MATERIAL`) ON DELETE CASCADE ON UPDATE CASCADE,
  CONSTRAINT `FK_MTCOMPPROV_PROVEEDO` FOREIGN KEY (`COD_PROVEEDOR`) REFERENCES `as_proveedores` (`PK_COD_PROVEEDOR`) ON DELETE CASCADE ON UPDATE CASCADE
) ENGINE=InnoDB DEFAULT CHARSET=utf8 COLLATE=utf8_spanish2_ci;

-- Volcando datos para la tabla as.as_material_compra_proveedor: ~0 rows (aproximadamente)
DELETE FROM `as_material_compra_proveedor`;
/*!40000 ALTER TABLE `as_material_compra_proveedor` DISABLE KEYS */;
/*!40000 ALTER TABLE `as_material_compra_proveedor` ENABLE KEYS */;

-- Volcando estructura para tabla as.as_metodos_pagos
DROP TABLE IF EXISTS `as_metodos_pagos`;
CREATE TABLE IF NOT EXISTS `as_metodos_pagos` (
  `PK_COD_METODO_PAGO` int(11) NOT NULL AUTO_INCREMENT COMMENT 'CODIGO UNICO DE CADA MEDOTO DE PAGO',
  `NOM_METODO_PAGO` varchar(45) COLLATE utf8_spanish2_ci NOT NULL COMMENT 'NOMBRE CORTO DEL METODO DE PAGO',
  `DET_METODO_PAGO` text COLLATE utf8_spanish2_ci COMMENT 'DETALLE COMPLETO DEL METODO DE PAGO',
  PRIMARY KEY (`PK_COD_METODO_PAGO`)
) ENGINE=InnoDB AUTO_INCREMENT=4 DEFAULT CHARSET=utf8 COLLATE=utf8_spanish2_ci COMMENT='TABLA QUE CONTIENE TODOS LOS METODOS DE PAGO DISPONIBLES EN EL SISTEMA [ABR:METPAGOS]';

-- Volcando datos para la tabla as.as_metodos_pagos: ~4 rows (aproximadamente)
DELETE FROM `as_metodos_pagos`;
/*!40000 ALTER TABLE `as_metodos_pagos` DISABLE KEYS */;
INSERT INTO `as_metodos_pagos` (`PK_COD_METODO_PAGO`, `NOM_METODO_PAGO`, `DET_METODO_PAGO`) VALUES
	(1, 'PAGO EN EFECTIVO', 'PAGO CON DINERO EN EFECTIVO CON MONEDA NACIONAL');
INSERT INTO `as_metodos_pagos` (`PK_COD_METODO_PAGO`, `NOM_METODO_PAGO`, `DET_METODO_PAGO`) VALUES
	(2, 'PAGO CON LINK DE PAGO', NULL);
INSERT INTO `as_metodos_pagos` (`PK_COD_METODO_PAGO`, `NOM_METODO_PAGO`, `DET_METODO_PAGO`) VALUES
	(3, 'TARJETA DE CRÉDITO', 'VISA O MASTERCARD');
/*!40000 ALTER TABLE `as_metodos_pagos` ENABLE KEYS */;

-- Volcando estructura para tabla as.as_ordenes_trabajo
DROP TABLE IF EXISTS `as_ordenes_trabajo`;
CREATE TABLE IF NOT EXISTS `as_ordenes_trabajo` (
  `PK_COD_ORDEN_TRABAJO` int(11) NOT NULL AUTO_INCREMENT,
  `COD_EMPLEADO` int(11) DEFAULT NULL,
  `COD_COTIZACION` int(11) DEFAULT NULL,
  `FEC_ENTREGA` date DEFAULT NULL,
  `DET_ORDEN_TRABAJO` text COLLATE utf8_spanish2_ci,
  `ESTADO` varchar(20) COLLATE utf8_spanish2_ci DEFAULT NULL,
  PRIMARY KEY (`PK_COD_ORDEN_TRABAJO`),
  KEY `IDX_ORDENTRABAJ_1` (`COD_COTIZACION`),
  KEY `IDX_ORDENTRABAJ_2` (`COD_EMPLEADO`),
  CONSTRAINT `FK_ORDENTRABAJ_COTIZACIONES` FOREIGN KEY (`COD_COTIZACION`) REFERENCES `as_cotizaciones` (`PK_COD_COTIZACION`) ON DELETE CASCADE ON UPDATE CASCADE,
  CONSTRAINT `FK_ORDENTRABAJ_EMPL` FOREIGN KEY (`COD_EMPLEADO`) REFERENCES `as_empleados` (`PK_COD_EMPLEADO`) ON DELETE CASCADE ON UPDATE CASCADE
) ENGINE=InnoDB AUTO_INCREMENT=7 DEFAULT CHARSET=utf8 COLLATE=utf8_spanish2_ci;

-- Volcando datos para la tabla as.as_ordenes_trabajo: ~4 rows (aproximadamente)
DELETE FROM `as_ordenes_trabajo`;
/*!40000 ALTER TABLE `as_ordenes_trabajo` DISABLE KEYS */;
INSERT INTO `as_ordenes_trabajo` (`PK_COD_ORDEN_TRABAJO`, `COD_EMPLEADO`, `COD_COTIZACION`, `FEC_ENTREGA`, `DET_ORDEN_TRABAJO`, `ESTADO`) VALUES
	(4, 2, 3, '2022-04-12', 'NOTAS IMPORTANTES', 'EN PROCESO');
INSERT INTO `as_ordenes_trabajo` (`PK_COD_ORDEN_TRABAJO`, `COD_EMPLEADO`, `COD_COTIZACION`, `FEC_ENTREGA`, `DET_ORDEN_TRABAJO`, `ESTADO`) VALUES
	(5, 2, 1, '2022-06-09', 'NOTAS ADICIONALES', 'EN PROCESO');
INSERT INTO `as_ordenes_trabajo` (`PK_COD_ORDEN_TRABAJO`, `COD_EMPLEADO`, `COD_COTIZACION`, `FEC_ENTREGA`, `DET_ORDEN_TRABAJO`, `ESTADO`) VALUES
	(6, 2, 1, '2022-06-09', 'XXX', 'EN PROCESO');
/*!40000 ALTER TABLE `as_ordenes_trabajo` ENABLE KEYS */;

-- Volcando estructura para tabla as.as_proveedores
DROP TABLE IF EXISTS `as_proveedores`;
CREATE TABLE IF NOT EXISTS `as_proveedores` (
  `PK_COD_PROVEEDOR` int(11) NOT NULL AUTO_INCREMENT COMMENT 'CODIGO UNICO DE CADA REGISTRO',
  `RTN_PROVEEDOR` varchar(20) COLLATE utf8_spanish2_ci DEFAULT NULL COMMENT 'RTN DEL PROVEEDOR',
  `NOM_PROVEEDOR` varchar(45) COLLATE utf8_spanish2_ci NOT NULL COMMENT 'NOMBRE DEL PROVEEDOR',
  `DIRECCION` text COLLATE utf8_spanish2_ci COMMENT 'DIRECCION DEL PROVEEDOR',
  `EMAIL` varchar(50) COLLATE utf8_spanish2_ci DEFAULT NULL COMMENT 'EMAIL DEL PROVEEDOR',
  `TELEFONO` varchar(20) COLLATE utf8_spanish2_ci DEFAULT NULL COMMENT 'NUMERO DE TELEFONO FIJO',
  `FAX` varchar(20) COLLATE utf8_spanish2_ci DEFAULT NULL COMMENT 'NUMERO DE FAX',
  `CELULAR` varchar(20) COLLATE utf8_spanish2_ci DEFAULT NULL COMMENT 'NUMERO DE TELEFONO MOVIL',
  `SITIO_WEB` varchar(45) COLLATE utf8_spanish2_ci DEFAULT NULL COMMENT 'DIRECCION WEB',
  `ASESOR_VENTAS` varchar(70) COLLATE utf8_spanish2_ci DEFAULT NULL COMMENT 'NOMBRE COMPLETO DEL ASESOR DE VENTAS',
  `EMAIL_ASESOR_VENTAS` varchar(50) COLLATE utf8_spanish2_ci DEFAULT NULL COMMENT 'CORREO ELECTRONICO DEL ASESOR',
  `CELULAR_ASESOR_VENTAS` varchar(20) COLLATE utf8_spanish2_ci DEFAULT NULL COMMENT 'CELULAR DEL ASESOR',
  PRIMARY KEY (`PK_COD_PROVEEDOR`)
) ENGINE=InnoDB AUTO_INCREMENT=4 DEFAULT CHARSET=utf8 COLLATE=utf8_spanish2_ci COMMENT='TABLA QUE REGISTRA LOS PROVEEDORES [ABR:PROVEEDO]';

-- Volcando datos para la tabla as.as_proveedores: ~0 rows (aproximadamente)
DELETE FROM `as_proveedores`;
/*!40000 ALTER TABLE `as_proveedores` DISABLE KEYS */;
INSERT INTO `as_proveedores` (`PK_COD_PROVEEDOR`, `RTN_PROVEEDOR`, `NOM_PROVEEDOR`, `DIRECCION`, `EMAIL`, `TELEFONO`, `FAX`, `CELULAR`, `SITIO_WEB`, `ASESOR_VENTAS`, `EMAIL_ASESOR_VENTAS`, `CELULAR_ASESOR_VENTAS`) VALUES
	(2, '', 'Inversiones Channel', '', '', '', '', '', '', '', '', '');
INSERT INTO `as_proveedores` (`PK_COD_PROVEEDOR`, `RTN_PROVEEDOR`, `NOM_PROVEEDOR`, `DIRECCION`, `EMAIL`, `TELEFONO`, `FAX`, `CELULAR`, `SITIO_WEB`, `ASESOR_VENTAS`, `EMAIL_ASESOR_VENTAS`, `CELULAR_ASESOR_VENTAS`) VALUES
	(3, NULL, 'Inversiones La Gran Muralla', NULL, NULL, NULL, NULL, NULL, NULL, NULL, NULL, NULL);
/*!40000 ALTER TABLE `as_proveedores` ENABLE KEYS */;

-- Volcando estructura para tabla as.as_roles_usuarios
DROP TABLE IF EXISTS `as_roles_usuarios`;
CREATE TABLE IF NOT EXISTS `as_roles_usuarios` (
  `PK_COD_ROL` int(11) NOT NULL AUTO_INCREMENT,
  `NOM_ROL` varchar(50) COLLATE utf8_spanish2_ci DEFAULT NULL,
  `ELIMINAR` int(1) NOT NULL DEFAULT '0',
  PRIMARY KEY (`PK_COD_ROL`)
) ENGINE=InnoDB AUTO_INCREMENT=110 DEFAULT CHARSET=utf8 COLLATE=utf8_spanish2_ci;

-- Volcando datos para la tabla as.as_roles_usuarios: ~2 rows (aproximadamente)
DELETE FROM `as_roles_usuarios`;
/*!40000 ALTER TABLE `as_roles_usuarios` DISABLE KEYS */;
INSERT INTO `as_roles_usuarios` (`PK_COD_ROL`, `NOM_ROL`, `ELIMINAR`) VALUES
	(108, 'ADMINISTRADOR', 0);
INSERT INTO `as_roles_usuarios` (`PK_COD_ROL`, `NOM_ROL`, `ELIMINAR`) VALUES
	(109, 'PRUEBA', 1);
/*!40000 ALTER TABLE `as_roles_usuarios` ENABLE KEYS */;

-- Volcando estructura para tabla as.as_rol_permiso_acceso
DROP TABLE IF EXISTS `as_rol_permiso_acceso`;
CREATE TABLE IF NOT EXISTS `as_rol_permiso_acceso` (
  `PK_COD` int(11) NOT NULL AUTO_INCREMENT,
  `COD_ROL` int(11) NOT NULL,
  `COD_ACCESO` int(11) NOT NULL,
  PRIMARY KEY (`PK_COD`),
  KEY `FK_as_rol_permiso_acceso_as_roles_usuarios` (`COD_ROL`),
  KEY `FK_as_rol_permiso_acceso_as_acceso_sistema` (`COD_ACCESO`),
  CONSTRAINT `FK_as_rol_permiso_acceso_as_acceso_sistema` FOREIGN KEY (`COD_ACCESO`) REFERENCES `as_acceso_sistema` (`PK_COD_ACCESO`) ON DELETE CASCADE ON UPDATE CASCADE,
  CONSTRAINT `FK_as_rol_permiso_acceso_as_roles_usuarios` FOREIGN KEY (`COD_ROL`) REFERENCES `as_roles_usuarios` (`PK_COD_ROL`) ON DELETE CASCADE ON UPDATE CASCADE
) ENGINE=InnoDB AUTO_INCREMENT=57 DEFAULT CHARSET=utf8 COLLATE=utf8_spanish2_ci;

-- Volcando datos para la tabla as.as_rol_permiso_acceso: ~20 rows (aproximadamente)
DELETE FROM `as_rol_permiso_acceso`;
/*!40000 ALTER TABLE `as_rol_permiso_acceso` DISABLE KEYS */;
INSERT INTO `as_rol_permiso_acceso` (`PK_COD`, `COD_ROL`, `COD_ACCESO`) VALUES
	(37, 108, 1000);
INSERT INTO `as_rol_permiso_acceso` (`PK_COD`, `COD_ROL`, `COD_ACCESO`) VALUES
	(38, 108, 1001);
INSERT INTO `as_rol_permiso_acceso` (`PK_COD`, `COD_ROL`, `COD_ACCESO`) VALUES
	(39, 108, 1002);
INSERT INTO `as_rol_permiso_acceso` (`PK_COD`, `COD_ROL`, `COD_ACCESO`) VALUES
	(40, 108, 1003);
INSERT INTO `as_rol_permiso_acceso` (`PK_COD`, `COD_ROL`, `COD_ACCESO`) VALUES
	(41, 108, 1004);
INSERT INTO `as_rol_permiso_acceso` (`PK_COD`, `COD_ROL`, `COD_ACCESO`) VALUES
	(42, 108, 1005);
INSERT INTO `as_rol_permiso_acceso` (`PK_COD`, `COD_ROL`, `COD_ACCESO`) VALUES
	(43, 108, 1006);
INSERT INTO `as_rol_permiso_acceso` (`PK_COD`, `COD_ROL`, `COD_ACCESO`) VALUES
	(44, 108, 1007);
INSERT INTO `as_rol_permiso_acceso` (`PK_COD`, `COD_ROL`, `COD_ACCESO`) VALUES
	(45, 108, 1008);
INSERT INTO `as_rol_permiso_acceso` (`PK_COD`, `COD_ROL`, `COD_ACCESO`) VALUES
	(46, 108, 1009);
INSERT INTO `as_rol_permiso_acceso` (`PK_COD`, `COD_ROL`, `COD_ACCESO`) VALUES
	(47, 109, 1000);
INSERT INTO `as_rol_permiso_acceso` (`PK_COD`, `COD_ROL`, `COD_ACCESO`) VALUES
	(48, 109, 1001);
INSERT INTO `as_rol_permiso_acceso` (`PK_COD`, `COD_ROL`, `COD_ACCESO`) VALUES
	(49, 109, 1002);
INSERT INTO `as_rol_permiso_acceso` (`PK_COD`, `COD_ROL`, `COD_ACCESO`) VALUES
	(50, 109, 1003);
INSERT INTO `as_rol_permiso_acceso` (`PK_COD`, `COD_ROL`, `COD_ACCESO`) VALUES
	(51, 109, 1004);
INSERT INTO `as_rol_permiso_acceso` (`PK_COD`, `COD_ROL`, `COD_ACCESO`) VALUES
	(52, 109, 1005);
INSERT INTO `as_rol_permiso_acceso` (`PK_COD`, `COD_ROL`, `COD_ACCESO`) VALUES
	(53, 109, 1006);
INSERT INTO `as_rol_permiso_acceso` (`PK_COD`, `COD_ROL`, `COD_ACCESO`) VALUES
	(54, 109, 1007);
INSERT INTO `as_rol_permiso_acceso` (`PK_COD`, `COD_ROL`, `COD_ACCESO`) VALUES
	(55, 109, 1008);
INSERT INTO `as_rol_permiso_acceso` (`PK_COD`, `COD_ROL`, `COD_ACCESO`) VALUES
	(56, 109, 1009);
/*!40000 ALTER TABLE `as_rol_permiso_acceso` ENABLE KEYS */;

-- Volcando estructura para tabla as.as_rol_permiso_accion
DROP TABLE IF EXISTS `as_rol_permiso_accion`;
CREATE TABLE IF NOT EXISTS `as_rol_permiso_accion` (
  `PK_COD` int(11) NOT NULL AUTO_INCREMENT,
  `COD_ROL_ACCESO` int(11) NOT NULL,
  `COD_ACCION` int(11) NOT NULL,
  PRIMARY KEY (`PK_COD`),
  KEY `FK_ROL_ACCESO` (`COD_ROL_ACCESO`),
  KEY `FK_ACCION` (`COD_ACCION`),
  CONSTRAINT `FK_ACCION` FOREIGN KEY (`COD_ACCION`) REFERENCES `as_acciones_sistema` (`PK_COD_ACCION`) ON DELETE CASCADE ON UPDATE CASCADE,
  CONSTRAINT `FK_ROL_ACCESO` FOREIGN KEY (`COD_ROL_ACCESO`) REFERENCES `as_rol_permiso_acceso` (`PK_COD`) ON DELETE CASCADE ON UPDATE CASCADE
) ENGINE=InnoDB AUTO_INCREMENT=171 DEFAULT CHARSET=utf8 COLLATE=utf8_spanish2_ci;

-- Volcando datos para la tabla as.as_rol_permiso_accion: ~80 rows (aproximadamente)
DELETE FROM `as_rol_permiso_accion`;
/*!40000 ALTER TABLE `as_rol_permiso_accion` DISABLE KEYS */;
INSERT INTO `as_rol_permiso_accion` (`PK_COD`, `COD_ROL_ACCESO`, `COD_ACCION`) VALUES
	(91, 37, 1);
INSERT INTO `as_rol_permiso_accion` (`PK_COD`, `COD_ROL_ACCESO`, `COD_ACCION`) VALUES
	(92, 37, 2);
INSERT INTO `as_rol_permiso_accion` (`PK_COD`, `COD_ROL_ACCESO`, `COD_ACCION`) VALUES
	(93, 37, 3);
INSERT INTO `as_rol_permiso_accion` (`PK_COD`, `COD_ROL_ACCESO`, `COD_ACCION`) VALUES
	(94, 37, 4);
INSERT INTO `as_rol_permiso_accion` (`PK_COD`, `COD_ROL_ACCESO`, `COD_ACCION`) VALUES
	(95, 38, 1);
INSERT INTO `as_rol_permiso_accion` (`PK_COD`, `COD_ROL_ACCESO`, `COD_ACCION`) VALUES
	(96, 38, 2);
INSERT INTO `as_rol_permiso_accion` (`PK_COD`, `COD_ROL_ACCESO`, `COD_ACCION`) VALUES
	(97, 38, 3);
INSERT INTO `as_rol_permiso_accion` (`PK_COD`, `COD_ROL_ACCESO`, `COD_ACCION`) VALUES
	(98, 38, 4);
INSERT INTO `as_rol_permiso_accion` (`PK_COD`, `COD_ROL_ACCESO`, `COD_ACCION`) VALUES
	(99, 39, 1);
INSERT INTO `as_rol_permiso_accion` (`PK_COD`, `COD_ROL_ACCESO`, `COD_ACCION`) VALUES
	(100, 39, 2);
INSERT INTO `as_rol_permiso_accion` (`PK_COD`, `COD_ROL_ACCESO`, `COD_ACCION`) VALUES
	(101, 39, 3);
INSERT INTO `as_rol_permiso_accion` (`PK_COD`, `COD_ROL_ACCESO`, `COD_ACCION`) VALUES
	(102, 39, 4);
INSERT INTO `as_rol_permiso_accion` (`PK_COD`, `COD_ROL_ACCESO`, `COD_ACCION`) VALUES
	(103, 40, 1);
INSERT INTO `as_rol_permiso_accion` (`PK_COD`, `COD_ROL_ACCESO`, `COD_ACCION`) VALUES
	(104, 40, 2);
INSERT INTO `as_rol_permiso_accion` (`PK_COD`, `COD_ROL_ACCESO`, `COD_ACCION`) VALUES
	(105, 40, 3);
INSERT INTO `as_rol_permiso_accion` (`PK_COD`, `COD_ROL_ACCESO`, `COD_ACCION`) VALUES
	(106, 40, 4);
INSERT INTO `as_rol_permiso_accion` (`PK_COD`, `COD_ROL_ACCESO`, `COD_ACCION`) VALUES
	(107, 41, 1);
INSERT INTO `as_rol_permiso_accion` (`PK_COD`, `COD_ROL_ACCESO`, `COD_ACCION`) VALUES
	(108, 41, 2);
INSERT INTO `as_rol_permiso_accion` (`PK_COD`, `COD_ROL_ACCESO`, `COD_ACCION`) VALUES
	(109, 41, 3);
INSERT INTO `as_rol_permiso_accion` (`PK_COD`, `COD_ROL_ACCESO`, `COD_ACCION`) VALUES
	(110, 41, 4);
INSERT INTO `as_rol_permiso_accion` (`PK_COD`, `COD_ROL_ACCESO`, `COD_ACCION`) VALUES
	(111, 42, 1);
INSERT INTO `as_rol_permiso_accion` (`PK_COD`, `COD_ROL_ACCESO`, `COD_ACCION`) VALUES
	(112, 42, 2);
INSERT INTO `as_rol_permiso_accion` (`PK_COD`, `COD_ROL_ACCESO`, `COD_ACCION`) VALUES
	(113, 42, 3);
INSERT INTO `as_rol_permiso_accion` (`PK_COD`, `COD_ROL_ACCESO`, `COD_ACCION`) VALUES
	(114, 42, 4);
INSERT INTO `as_rol_permiso_accion` (`PK_COD`, `COD_ROL_ACCESO`, `COD_ACCION`) VALUES
	(115, 43, 1);
INSERT INTO `as_rol_permiso_accion` (`PK_COD`, `COD_ROL_ACCESO`, `COD_ACCION`) VALUES
	(116, 43, 2);
INSERT INTO `as_rol_permiso_accion` (`PK_COD`, `COD_ROL_ACCESO`, `COD_ACCION`) VALUES
	(117, 43, 3);
INSERT INTO `as_rol_permiso_accion` (`PK_COD`, `COD_ROL_ACCESO`, `COD_ACCION`) VALUES
	(118, 43, 4);
INSERT INTO `as_rol_permiso_accion` (`PK_COD`, `COD_ROL_ACCESO`, `COD_ACCION`) VALUES
	(119, 44, 1);
INSERT INTO `as_rol_permiso_accion` (`PK_COD`, `COD_ROL_ACCESO`, `COD_ACCION`) VALUES
	(120, 44, 2);
INSERT INTO `as_rol_permiso_accion` (`PK_COD`, `COD_ROL_ACCESO`, `COD_ACCION`) VALUES
	(121, 44, 3);
INSERT INTO `as_rol_permiso_accion` (`PK_COD`, `COD_ROL_ACCESO`, `COD_ACCION`) VALUES
	(122, 44, 4);
INSERT INTO `as_rol_permiso_accion` (`PK_COD`, `COD_ROL_ACCESO`, `COD_ACCION`) VALUES
	(123, 45, 1);
INSERT INTO `as_rol_permiso_accion` (`PK_COD`, `COD_ROL_ACCESO`, `COD_ACCION`) VALUES
	(124, 45, 2);
INSERT INTO `as_rol_permiso_accion` (`PK_COD`, `COD_ROL_ACCESO`, `COD_ACCION`) VALUES
	(125, 45, 3);
INSERT INTO `as_rol_permiso_accion` (`PK_COD`, `COD_ROL_ACCESO`, `COD_ACCION`) VALUES
	(126, 45, 4);
INSERT INTO `as_rol_permiso_accion` (`PK_COD`, `COD_ROL_ACCESO`, `COD_ACCION`) VALUES
	(127, 46, 1);
INSERT INTO `as_rol_permiso_accion` (`PK_COD`, `COD_ROL_ACCESO`, `COD_ACCION`) VALUES
	(128, 46, 2);
INSERT INTO `as_rol_permiso_accion` (`PK_COD`, `COD_ROL_ACCESO`, `COD_ACCION`) VALUES
	(129, 46, 3);
INSERT INTO `as_rol_permiso_accion` (`PK_COD`, `COD_ROL_ACCESO`, `COD_ACCION`) VALUES
	(130, 46, 4);
INSERT INTO `as_rol_permiso_accion` (`PK_COD`, `COD_ROL_ACCESO`, `COD_ACCION`) VALUES
	(131, 47, 1);
INSERT INTO `as_rol_permiso_accion` (`PK_COD`, `COD_ROL_ACCESO`, `COD_ACCION`) VALUES
	(132, 47, 2);
INSERT INTO `as_rol_permiso_accion` (`PK_COD`, `COD_ROL_ACCESO`, `COD_ACCION`) VALUES
	(133, 47, 3);
INSERT INTO `as_rol_permiso_accion` (`PK_COD`, `COD_ROL_ACCESO`, `COD_ACCION`) VALUES
	(134, 47, 4);
INSERT INTO `as_rol_permiso_accion` (`PK_COD`, `COD_ROL_ACCESO`, `COD_ACCION`) VALUES
	(135, 48, 1);
INSERT INTO `as_rol_permiso_accion` (`PK_COD`, `COD_ROL_ACCESO`, `COD_ACCION`) VALUES
	(136, 48, 2);
INSERT INTO `as_rol_permiso_accion` (`PK_COD`, `COD_ROL_ACCESO`, `COD_ACCION`) VALUES
	(137, 48, 3);
INSERT INTO `as_rol_permiso_accion` (`PK_COD`, `COD_ROL_ACCESO`, `COD_ACCION`) VALUES
	(138, 48, 4);
INSERT INTO `as_rol_permiso_accion` (`PK_COD`, `COD_ROL_ACCESO`, `COD_ACCION`) VALUES
	(139, 49, 1);
INSERT INTO `as_rol_permiso_accion` (`PK_COD`, `COD_ROL_ACCESO`, `COD_ACCION`) VALUES
	(140, 49, 2);
INSERT INTO `as_rol_permiso_accion` (`PK_COD`, `COD_ROL_ACCESO`, `COD_ACCION`) VALUES
	(141, 49, 3);
INSERT INTO `as_rol_permiso_accion` (`PK_COD`, `COD_ROL_ACCESO`, `COD_ACCION`) VALUES
	(142, 49, 4);
INSERT INTO `as_rol_permiso_accion` (`PK_COD`, `COD_ROL_ACCESO`, `COD_ACCION`) VALUES
	(143, 50, 1);
INSERT INTO `as_rol_permiso_accion` (`PK_COD`, `COD_ROL_ACCESO`, `COD_ACCION`) VALUES
	(144, 50, 2);
INSERT INTO `as_rol_permiso_accion` (`PK_COD`, `COD_ROL_ACCESO`, `COD_ACCION`) VALUES
	(145, 50, 3);
INSERT INTO `as_rol_permiso_accion` (`PK_COD`, `COD_ROL_ACCESO`, `COD_ACCION`) VALUES
	(146, 50, 4);
INSERT INTO `as_rol_permiso_accion` (`PK_COD`, `COD_ROL_ACCESO`, `COD_ACCION`) VALUES
	(147, 51, 1);
INSERT INTO `as_rol_permiso_accion` (`PK_COD`, `COD_ROL_ACCESO`, `COD_ACCION`) VALUES
	(148, 51, 2);
INSERT INTO `as_rol_permiso_accion` (`PK_COD`, `COD_ROL_ACCESO`, `COD_ACCION`) VALUES
	(149, 51, 3);
INSERT INTO `as_rol_permiso_accion` (`PK_COD`, `COD_ROL_ACCESO`, `COD_ACCION`) VALUES
	(150, 51, 4);
INSERT INTO `as_rol_permiso_accion` (`PK_COD`, `COD_ROL_ACCESO`, `COD_ACCION`) VALUES
	(151, 52, 1);
INSERT INTO `as_rol_permiso_accion` (`PK_COD`, `COD_ROL_ACCESO`, `COD_ACCION`) VALUES
	(152, 52, 2);
INSERT INTO `as_rol_permiso_accion` (`PK_COD`, `COD_ROL_ACCESO`, `COD_ACCION`) VALUES
	(153, 52, 3);
INSERT INTO `as_rol_permiso_accion` (`PK_COD`, `COD_ROL_ACCESO`, `COD_ACCION`) VALUES
	(154, 52, 4);
INSERT INTO `as_rol_permiso_accion` (`PK_COD`, `COD_ROL_ACCESO`, `COD_ACCION`) VALUES
	(155, 53, 1);
INSERT INTO `as_rol_permiso_accion` (`PK_COD`, `COD_ROL_ACCESO`, `COD_ACCION`) VALUES
	(156, 53, 2);
INSERT INTO `as_rol_permiso_accion` (`PK_COD`, `COD_ROL_ACCESO`, `COD_ACCION`) VALUES
	(157, 53, 3);
INSERT INTO `as_rol_permiso_accion` (`PK_COD`, `COD_ROL_ACCESO`, `COD_ACCION`) VALUES
	(158, 53, 4);
INSERT INTO `as_rol_permiso_accion` (`PK_COD`, `COD_ROL_ACCESO`, `COD_ACCION`) VALUES
	(159, 54, 1);
INSERT INTO `as_rol_permiso_accion` (`PK_COD`, `COD_ROL_ACCESO`, `COD_ACCION`) VALUES
	(160, 54, 2);
INSERT INTO `as_rol_permiso_accion` (`PK_COD`, `COD_ROL_ACCESO`, `COD_ACCION`) VALUES
	(161, 54, 3);
INSERT INTO `as_rol_permiso_accion` (`PK_COD`, `COD_ROL_ACCESO`, `COD_ACCION`) VALUES
	(162, 54, 4);
INSERT INTO `as_rol_permiso_accion` (`PK_COD`, `COD_ROL_ACCESO`, `COD_ACCION`) VALUES
	(163, 55, 1);
INSERT INTO `as_rol_permiso_accion` (`PK_COD`, `COD_ROL_ACCESO`, `COD_ACCION`) VALUES
	(164, 55, 2);
INSERT INTO `as_rol_permiso_accion` (`PK_COD`, `COD_ROL_ACCESO`, `COD_ACCION`) VALUES
	(165, 55, 3);
INSERT INTO `as_rol_permiso_accion` (`PK_COD`, `COD_ROL_ACCESO`, `COD_ACCION`) VALUES
	(166, 55, 4);
INSERT INTO `as_rol_permiso_accion` (`PK_COD`, `COD_ROL_ACCESO`, `COD_ACCION`) VALUES
	(167, 56, 1);
INSERT INTO `as_rol_permiso_accion` (`PK_COD`, `COD_ROL_ACCESO`, `COD_ACCION`) VALUES
	(168, 56, 2);
INSERT INTO `as_rol_permiso_accion` (`PK_COD`, `COD_ROL_ACCESO`, `COD_ACCION`) VALUES
	(169, 56, 3);
INSERT INTO `as_rol_permiso_accion` (`PK_COD`, `COD_ROL_ACCESO`, `COD_ACCION`) VALUES
	(170, 56, 4);
/*!40000 ALTER TABLE `as_rol_permiso_accion` ENABLE KEYS */;

-- Volcando estructura para tabla as.as_seguimiento_clientes
DROP TABLE IF EXISTS `as_seguimiento_clientes`;
CREATE TABLE IF NOT EXISTS `as_seguimiento_clientes` (
  `PK_COD_SEGUIMIENTO` int(11) NOT NULL AUTO_INCREMENT COMMENT 'CODIGO ÚNICO DEL CASO DE SEGUIMIENTO Y SERVICIO AL CLIENTE [ABR: CODSEGUI]',
  `ID_VENTA` int(11) NOT NULL COMMENT 'IDENTIFICADOR DE LA VENTA A LA QUE SE LE ESTA DANDO SEGUIMIENTO',
  `ID_CLIENTE` int(11) NOT NULL COMMENT 'IDENTIFICADOR DEL CLIENTE QUE REALIZO LA COMPRA',
  `FEC_SEGUIMIENTO` date NOT NULL COMMENT 'FECHA QUE SE REGISTRA EL SEGUIMIENTO',
  `DET_RESEÑA` text COLLATE utf8_spanish2_ci COMMENT 'DETALLE DE LA RESEÑA O CRITICA DEL CLIENTE',
  `NUM_CALIFICACION` int(2) NOT NULL COMMENT 'NUMERO DE LA CALIFICACION DEL 1 A 10 DADA POR EL CLIENTE',
  `ELIMINAR` int(11) DEFAULT NULL,
  PRIMARY KEY (`PK_COD_SEGUIMIENTO`),
  KEY `IDX_SEGUICLIENT_1` (`ID_CLIENTE`),
  CONSTRAINT `FK_SEGUICLIENT_CLIENTES` FOREIGN KEY (`ID_CLIENTE`) REFERENCES `as_clientes` (`PK_COD_CLIENTE`) ON DELETE CASCADE ON UPDATE CASCADE
) ENGINE=InnoDB DEFAULT CHARSET=utf8 COLLATE=utf8_spanish2_ci COMMENT='TABLA CON EL REGISTRO DE LAS CRITICAS DE TODOS LOS CLIENTES [ABR:SEGUICLIENT]';

-- Volcando datos para la tabla as.as_seguimiento_clientes: ~5 rows (aproximadamente)
DELETE FROM `as_seguimiento_clientes`;
/*!40000 ALTER TABLE `as_seguimiento_clientes` DISABLE KEYS */;
/*!40000 ALTER TABLE `as_seguimiento_clientes` ENABLE KEYS */;

-- Volcando estructura para tabla as.as_tipos_identificaciones
DROP TABLE IF EXISTS `as_tipos_identificaciones`;
CREATE TABLE IF NOT EXISTS `as_tipos_identificaciones` (
  `PK_COD_TIPO_IDENTIFICACION` int(11) NOT NULL AUTO_INCREMENT COMMENT 'CODIGO IDENTIFICADOR ÚNICO DE LA TABLA [ABR:CODTIPID]',
  `NOM_TIPO_IDENTIFICACION` varchar(45) COLLATE utf8_spanish2_ci NOT NULL COMMENT 'NOMBRE CORTO DESCRIPTIVO DE CADA TIPO DE IDENTIFICACION',
  `DET_TIPO_IDENTIFICACION` text COLLATE utf8_spanish2_ci COMMENT 'DETALLE COMPLETO DE CADA TIPO DE IDENTIFICACION',
  PRIMARY KEY (`PK_COD_TIPO_IDENTIFICACION`)
) ENGINE=InnoDB AUTO_INCREMENT=6 DEFAULT CHARSET=utf8 COLLATE=utf8_spanish2_ci COMMENT='TABLA CON LOS REGISTROS DE LOS TIPOS DE IDENTIFICACIONES VALIDAS EN EL PAIS [ABR:TIPOSDEIDNTS]';

-- Volcando datos para la tabla as.as_tipos_identificaciones: ~5 rows (aproximadamente)
DELETE FROM `as_tipos_identificaciones`;
/*!40000 ALTER TABLE `as_tipos_identificaciones` DISABLE KEYS */;
INSERT INTO `as_tipos_identificaciones` (`PK_COD_TIPO_IDENTIFICACION`, `NOM_TIPO_IDENTIFICACION`, `DET_TIPO_IDENTIFICACION`) VALUES
	(1, 'IDENTIDAD', 'DOCUMENTO NACIONAL DE IDENTIFICACION OFICIAL');
INSERT INTO `as_tipos_identificaciones` (`PK_COD_TIPO_IDENTIFICACION`, `NOM_TIPO_IDENTIFICACION`, `DET_TIPO_IDENTIFICACION`) VALUES
	(2, 'PASAPORTE', NULL);
INSERT INTO `as_tipos_identificaciones` (`PK_COD_TIPO_IDENTIFICACION`, `NOM_TIPO_IDENTIFICACION`, `DET_TIPO_IDENTIFICACION`) VALUES
	(3, 'PARTIDA DE NACIMIENTO', NULL);
INSERT INTO `as_tipos_identificaciones` (`PK_COD_TIPO_IDENTIFICACION`, `NOM_TIPO_IDENTIFICACION`, `DET_TIPO_IDENTIFICACION`) VALUES
	(4, 'RTN', NULL);
INSERT INTO `as_tipos_identificaciones` (`PK_COD_TIPO_IDENTIFICACION`, `NOM_TIPO_IDENTIFICACION`, `DET_TIPO_IDENTIFICACION`) VALUES
	(5, 'CARNET DE CONDUCIR', NULL);
/*!40000 ALTER TABLE `as_tipos_identificaciones` ENABLE KEYS */;

-- Volcando estructura para tabla as.as_usuarios_sistema
DROP TABLE IF EXISTS `as_usuarios_sistema`;
CREATE TABLE IF NOT EXISTS `as_usuarios_sistema` (
  `PK_ID_USUARIO` int(11) NOT NULL AUTO_INCREMENT COMMENT 'IDENTIFICADOR UNICO DE LA TABLA [ABR:IDUSUSTM]',
  `NOM_USUARIO` varchar(30) COLLATE utf8_spanish2_ci NOT NULL COMMENT 'NOMBRE DE USUARIO EN EL SISTEMA',
  `PASS_USUARIO` varchar(100) COLLATE utf8_spanish2_ci NOT NULL COMMENT 'CONTRASEÑA CIFRADA DE ACCESO AL SISTEMA',
  `IMG_USUARIO` varchar(80) COLLATE utf8_spanish2_ci DEFAULT NULL COMMENT 'IMAGEN DEL USUARIO EN EL SISTEMA',
  `EST_USUARIO` varchar(10) COLLATE utf8_spanish2_ci NOT NULL COMMENT 'ESTADO DEL USUARIO EN EL SISTEMA (ACTIVO E INACTIVO)',
  `ID_EMPLEADO` int(11) NOT NULL COMMENT 'IDENTIFICADOR UNICO DE LOS DATOS DEL USUARIO EN SISTEMA',
  `URL_ACCESO` text COLLATE utf8_spanish2_ci,
  PRIMARY KEY (`PK_ID_USUARIO`),
  KEY `IDX_USUARIOSSTM_1` (`ID_EMPLEADO`),
  CONSTRAINT `FK_USUARIOSSTM_EMPL` FOREIGN KEY (`ID_EMPLEADO`) REFERENCES `as_empleados` (`PK_COD_EMPLEADO`) ON DELETE CASCADE ON UPDATE CASCADE
) ENGINE=InnoDB AUTO_INCREMENT=12 DEFAULT CHARSET=utf8 COLLATE=utf8_spanish2_ci COMMENT='TABLA CON LOS DATOS DE TODOS LOS USUARIO REGISTRADOS EN EL SISTEMA [ABR:USUARIOSSTM]';

-- Volcando datos para la tabla as.as_usuarios_sistema: ~6 rows (aproximadamente)
DELETE FROM `as_usuarios_sistema`;
/*!40000 ALTER TABLE `as_usuarios_sistema` DISABLE KEYS */;
INSERT INTO `as_usuarios_sistema` (`PK_ID_USUARIO`, `NOM_USUARIO`, `PASS_USUARIO`, `IMG_USUARIO`, `EST_USUARIO`, `ID_EMPLEADO`, `URL_ACCESO`) VALUES
	(2, 'juangabriel', '$2b$10$r3IuAGgrjiOIuz5Yy3YHCeuBsfs4pTXft.IzlQFbi9M7vO7THmhBy', 'views/img/usuarios/2_356.png', 'ACTIVO', 1, NULL);
INSERT INTO `as_usuarios_sistema` (`PK_ID_USUARIO`, `NOM_USUARIO`, `PASS_USUARIO`, `IMG_USUARIO`, `EST_USUARIO`, `ID_EMPLEADO`, `URL_ACCESO`) VALUES
	(3, 'mariagarcia', '$2b$10$jqgZkcFVMvy4YauOjEEBSun1SQ0nkqz6.CQn36DBUF7Amkdo3KxS6', 'views/img/usuarios/3_146.png', 'ACTIVO', 2, NULL);
INSERT INTO `as_usuarios_sistema` (`PK_ID_USUARIO`, `NOM_USUARIO`, `PASS_USUARIO`, `IMG_USUARIO`, `EST_USUARIO`, `ID_EMPLEADO`, `URL_ACCESO`) VALUES
	(5, 'marianomunguia', '$2b$10$ydjFzY7lW4ekZSgaYHP71eWsxQFqs/cBuE3YqIEYtOBI5FMYQL9Iq', 'views/img/default-150x150.png', 'ACTIVO', 7, NULL);
INSERT INTO `as_usuarios_sistema` (`PK_ID_USUARIO`, `NOM_USUARIO`, `PASS_USUARIO`, `IMG_USUARIO`, `EST_USUARIO`, `ID_EMPLEADO`, `URL_ACCESO`) VALUES
	(10, 'juanamurillo12', '$2b$10$jus.JbqBWy5VUF3XQrJFYu7oqnf/xbvwGJA.cT./AN16Zi9RUUR8C', 'views/img/default-150x150.png', 'ACTIVO', 12, '$2b$10$jus.JbqBWy5VUF3XQrJFYu7oqnf/xbvwGJA.cT./AN16Zi9RUUR8C');
INSERT INTO `as_usuarios_sistema` (`PK_ID_USUARIO`, `NOM_USUARIO`, `PASS_USUARIO`, `IMG_USUARIO`, `EST_USUARIO`, `ID_EMPLEADO`, `URL_ACCESO`) VALUES
	(11, 'juanamurillo13', '$2b$10$ud0O6I2cJJfgLyh6FlgWdeg/1s1QP/rGcUpZSZJDpMzPc/jzchS/G', 'views/img/default-150x150.png', 'ACTIVO', 13, '$2b$10$ud0O6I2cJJfgLyh6FlgWdeg/1s1QP/rGcUpZSZJDpMzPc/jzchS/G');
/*!40000 ALTER TABLE `as_usuarios_sistema` ENABLE KEYS */;

-- Volcando estructura para tabla as.as_ventas
DROP TABLE IF EXISTS `as_ventas`;
CREATE TABLE IF NOT EXISTS `as_ventas` (
  `PK_COD_VENTA` int(11) NOT NULL AUTO_INCREMENT COMMENT 'CODIGO UNICO DE CADA REGISTRO',
  `NO_FACTURA` varchar(45) COLLATE utf8_spanish2_ci DEFAULT NULL COMMENT 'NUMERO DE FACTURA (SEGUN LA LEY)',
  `COD_COTIZACION` int(11) NOT NULL COMMENT 'CODIGO UNICO ASOCIADO A LA COTIZACION',
  `COD_ORDEN_TRABAJO` int(11) NOT NULL COMMENT 'CODIGO UNICO ASOCIADO A LA ORDEN DE TRABAJO',
  `ID_USUARIO_VENTA` int(11) NOT NULL COMMENT 'IDENTIFICADOR DEL USUARIO QUE REALIZA LA VENTA',
  `FEC_VENTA` date NOT NULL COMMENT 'FECHA DE LA VENTA',
  `HORA_VENTA` time NOT NULL COMMENT 'HORA DE LA VENTA',
  `TIPO_PAGO` varchar(20) COLLATE utf8_spanish2_ci NOT NULL COMMENT 'TIPO DE PAGO (CONTADO, CREDITO)',
  `COD_METODO_PAGO` int(11) NOT NULL COMMENT 'CODIGO UNICO DEL METODO DE PAGO',
  `SUBTOTAL` decimal(7,2) NOT NULL COMMENT 'SUBOTOTAL DE LA VENTA',
  `DESCUENTO` decimal(7,2) DEFAULT NULL COMMENT 'DESCUENTO OTORGADO',
  `ISV` decimal(7,2) NOT NULL COMMENT 'IMPUESTO SOBRE VENTA',
  `TOTAL_PAGAR` decimal(7,2) NOT NULL COMMENT 'TOTAL A PAGAR DE LA VENTA',
  PRIMARY KEY (`PK_COD_VENTA`),
  KEY `IDX_VENTAS_1` (`COD_METODO_PAGO`),
  KEY `IDX_VENTAS_2` (`ID_USUARIO_VENTA`),
  KEY `IDX_VENTAS_3` (`COD_ORDEN_TRABAJO`),
  KEY `IDX_VENTAS_4` (`COD_COTIZACION`),
  CONSTRAINT `FK_VENTAS_COTIZACIONES` FOREIGN KEY (`COD_COTIZACION`) REFERENCES `as_cotizaciones` (`PK_COD_COTIZACION`) ON DELETE CASCADE ON UPDATE CASCADE,
  CONSTRAINT `FK_VENTAS_METPAGOS` FOREIGN KEY (`COD_METODO_PAGO`) REFERENCES `as_metodos_pagos` (`PK_COD_METODO_PAGO`) ON DELETE CASCADE ON UPDATE CASCADE,
  CONSTRAINT `FK_VENTAS_ORDENTRABAJ` FOREIGN KEY (`COD_ORDEN_TRABAJO`) REFERENCES `as_ordenes_trabajo` (`PK_COD_ORDEN_TRABAJO`) ON DELETE CASCADE ON UPDATE CASCADE,
  CONSTRAINT `FK_VENTAS_USUARIOSSTM` FOREIGN KEY (`ID_USUARIO_VENTA`) REFERENCES `as_usuarios_sistema` (`PK_ID_USUARIO`) ON DELETE CASCADE ON UPDATE CASCADE
) ENGINE=InnoDB DEFAULT CHARSET=utf8 COLLATE=utf8_spanish2_ci COMMENT='TABLA QUE REGISTRA LAS VENTAS EN EL SISTEMA [ABR: VENTAS]';

-- Volcando datos para la tabla as.as_ventas: ~0 rows (aproximadamente)
DELETE FROM `as_ventas`;
/*!40000 ALTER TABLE `as_ventas` DISABLE KEYS */;
/*!40000 ALTER TABLE `as_ventas` ENABLE KEYS */;

-- Volcando estructura para procedimiento as.AS_MATERIAL_COMPRA_PROVEEDOR_ACTUALIZAR_PRECIO
DROP PROCEDURE IF EXISTS `AS_MATERIAL_COMPRA_PROVEEDOR_ACTUALIZAR_PRECIO`;
DELIMITER //
CREATE DEFINER=`root`@`localhost` PROCEDURE `AS_MATERIAL_COMPRA_PROVEEDOR_ACTUALIZAR_PRECIO`(IN PRECIO DECIMAL(7, 2))
BEGIN
UPDATE
    AS_MATERIAL_COMPRA_PROVEEDOR
SET
    PRECIO_COMPRA = PRECIO
WHERE
    PK_COD_MCP = COD;
    END//
DELIMITER ;

-- Volcando estructura para procedimiento as.AS_MATERIAL_COMPRA_PROVEEDOR_AGREGAR_PRECIO
DROP PROCEDURE IF EXISTS `AS_MATERIAL_COMPRA_PROVEEDOR_AGREGAR_PRECIO`;
DELIMITER //
CREATE DEFINER=`root`@`localhost` PROCEDURE `AS_MATERIAL_COMPRA_PROVEEDOR_AGREGAR_PRECIO`(IN PRECIO DECIMAL(7, 2))
BEGIN
INSERT INTO
    AS_MATERIAL_COMPRA_PROVEEDOR (PRECIO_COMPRA)
VALUES
    (PRECIO);
    END//
DELIMITER ;

-- Volcando estructura para procedimiento as.AS_MATERIAL_COMPRA_PROVEEDOR_ELIMINAR_INVENTARIO
DROP PROCEDURE IF EXISTS `AS_MATERIAL_COMPRA_PROVEEDOR_ELIMINAR_INVENTARIO`;
DELIMITER //
CREATE DEFINER=`root`@`localhost` PROCEDURE `AS_MATERIAL_COMPRA_PROVEEDOR_ELIMINAR_INVENTARIO`(IN COD INT)
BEGIN
DELETE FROM
    AS_MATERIAL_COMPRA_PROVEEDOR
WHERE
    PK_COD_MCP = COD;
    END//
DELIMITER ;

-- Volcando estructura para procedimiento as.AS_SP_ACTUALIZAR_CATEGORIA
DROP PROCEDURE IF EXISTS `AS_SP_ACTUALIZAR_CATEGORIA`;
DELIMITER //
CREATE DEFINER=`root`@`localhost` PROCEDURE `AS_SP_ACTUALIZAR_CATEGORIA`(
        IN COD INT,
        IN NOMBRE VARCHAR(45),
        IN DETALLE TEXT
    )
BEGIN
UPDATE
    as_categoria_material
SET
    NOM_CATEGORIA = NOMBRE,
    DET_CATEGORIA = DETALLE
WHERE
    PK_COD_CATEGORIA = COD;
    END//
DELIMITER ;

-- Volcando estructura para procedimiento as.AS_SP_ACTUALIZAR_CLIENTES
DROP PROCEDURE IF EXISTS `AS_SP_ACTUALIZAR_CLIENTES`;
DELIMITER //
CREATE DEFINER=`root`@`localhost` PROCEDURE `AS_SP_ACTUALIZAR_CLIENTES`(
        IN TIPO_IDENTIFICACION INT,
        IN NUMERO_IDENTIFICACION VARCHAR(20),
        IN NOMBRE VARCHAR(45),
        IN APELLIDO VARCHAR(45),
        IN EMAIL VARCHAR(50),
        IN TELEFONO VARCHAR(20),
        IN CELULAR VARCHAR(20),
        IN CREDITO INT(1),
        IN LIMITE_CREDITO DECIMAL(7,2),
        IN CODIGO INT
    )
BEGIN
UPDATE
    AS_CLIENTES
SET
    COD_TIPO_IDENTIFICACION = TIPO_IDENTIFICACION,
    NO_IDENTIFICACION = NUMERO_IDENTIFICACION,
    NOM_CLIENTE = NOMBRE,
    APE_CLIENTE = APELLIDO,
    EMAIL = EMAIL,
    TELEFONO = TELEFONO,
    CELULAR = CELULAR,
    CREDITO = CREDITO,
    LIM_CREDITO = LIMITE_CREDITO
WHERE
    (PK_COD_CLIENTE = CODIGO);
END//
DELIMITER ;

-- Volcando estructura para procedimiento as.AS_SP_ACTUALIZAR_COMPRA
DROP PROCEDURE IF EXISTS `AS_SP_ACTUALIZAR_COMPRA`;
DELIMITER //
CREATE DEFINER=`root`@`localhost` PROCEDURE `AS_SP_ACTUALIZAR_COMPRA`(
	IN `COD` INT,
	IN `FACTURA` VARCHAR(30),
	IN `PROVEEDOR` INT,
	IN `FECHA` DATE,
	IN `SUBTOTAL` DECIMAL(7, 2),
	IN `DESCUENTO` DECIMAL(7, 2),
	IN `ISV` DECIMAL(7, 2),
	IN `TOTAL` DECIMAL(7, 2)
)
BEGIN
UPDATE
    as_compras
SET
    NO_FACTURA_COMPRA = FACTURA,
    COD_PROVEEDOR = PROVEEDOR,
	 FEC_COMPRA = FECHA,
    SUBTOTAL = SUBTOTAL,
    DESCUENTO = DESCUENTO,
    ISV = ISV,
    TOTAL_PAGAR = TOTAL
WHERE
    PK_COD_COMPRA = COD;
    END//
DELIMITER ;

-- Volcando estructura para procedimiento as.AS_SP_ACTUALIZAR_CUENTAS_CLIENTES
DROP PROCEDURE IF EXISTS `AS_SP_ACTUALIZAR_CUENTAS_CLIENTES`;
DELIMITER //
CREATE DEFINER=`root`@`localhost` PROCEDURE `AS_SP_ACTUALIZAR_CUENTAS_CLIENTES`(
        IN CODIGO INT,
        IN COD_CLIENTE_C INT,
        IN SAL_CUENTAS DECIMAL(7, 2)
    )
BEGIN
UPDATE
    AS_CUENTAS_CLIENTES
SET
    COD_CLIENTE = COD_CLIENTE_C,
    SALDO = SAL_CUENTAS
WHERE
    PK_NO_CUENTA = CODIGO;
    END//
DELIMITER ;

-- Volcando estructura para procedimiento as.AS_SP_ACTUALIZAR_DETALLE_MATERIAL
DROP PROCEDURE IF EXISTS `AS_SP_ACTUALIZAR_DETALLE_MATERIAL`;
DELIMITER //
CREATE DEFINER=`root`@`localhost` PROCEDURE `AS_SP_ACTUALIZAR_DETALLE_MATERIAL`(
        IN AS_PK_COD_ODM INT,
        IN AS_COD_ORDEN_TRABAJO INT,
        IN AS_COD_MATERIAL INT,
        IN AS_CANT_MATERIAL DECIMAL(7, 2)
    )
BEGIN
UPDATE
    AS_ORDENES_DETALLE_MATERIALES
SET
    PK_COD_ODM = AS_PK_COD_ODM,
    COD_ORDEN_TRABAJO = AS_COD_ORDEN_TRABAJO,
    COD_MATERIAL = AS_COD_MATERIAL,
    CANT_MATERIALES = AS_CANT_MATERIALES
WHERE
    PK_COD_ODM = AS_PK_COD_ODM;
    END//
DELIMITER ;

-- Volcando estructura para procedimiento as.AS_SP_ACTUALIZAR_DETALLE_VENTA
DROP PROCEDURE IF EXISTS `AS_SP_ACTUALIZAR_DETALLE_VENTA`;
DELIMITER //
CREATE DEFINER=`root`@`localhost` PROCEDURE `AS_SP_ACTUALIZAR_DETALLE_VENTA`(
        IN AS_PK_COD_CDV INT,
        IN AS_NO_CUENTA INT,
        IN AS_COD_VENTA INT,
        IN AS_FEC_PAGO DATE,
        IN AS_PERIODICIDAD VARCHAR(30),
        IN AS_NO_CUOTAS INT
    )
BEGIN
UPDATE
    AS_VENTAS
SET
    PK_COD_CDV = AS_PK_COD_CDV,
    NO_CUENTA = AS_NO_CUENTA,
    COD_VENTA = AS_COD_VENTA,
    FEC_PAGO = AS_FEC_PAGO,
    PERIODICIDAD = AS_PERIODICIDAD,
    NO_CUOTAS = AS_NO_CUOTAS
WHERE
    PK_COD_CDV = AS_PK_COD_CDV;
    END//
DELIMITER ;

-- Volcando estructura para procedimiento as.AS_SP_ACTUALIZAR_DIRECCIONES_CLIENTES
DROP PROCEDURE IF EXISTS `AS_SP_ACTUALIZAR_DIRECCIONES_CLIENTES`;
DELIMITER //
CREATE DEFINER=`root`@`localhost` PROCEDURE `AS_SP_ACTUALIZAR_DIRECCIONES_CLIENTES`(
        IN CODIGO INT,
        IN COD_CLIENTE_D INT,
        IN DEPARTAMENTO_D VARCHAR(45),
        IN MUNICIPIO_D VARCHAR(45),
        IN CIUDAD_D VARCHAR(45),
        IN BARRIO_COLONIA_D VARCHAR(45),
        IN DETALLE_DIR TEXT
    )
BEGIN
UPDATE
    AS_DIRECCIONES_CLIENTES
SET
    COD_CLIENTE = COD_CLIENTE_D,
    DEPARTAMENTO = DEPARTAMENTO_D,
    MUNICIPIO = MUNICIPIO_D,
    CIUDAD = CIUDAD_D,
    BARRIO_COLONIA = BARRIO_COLONIA_D,
    DET_DIRECCION = DETALLE_DIR
WHERE
    PK_COD_DIRECCION = CODIGO;
    END//
DELIMITER ;

-- Volcando estructura para procedimiento as.AS_SP_ACTUALIZAR_EMPLEADO
DROP PROCEDURE IF EXISTS `AS_SP_ACTUALIZAR_EMPLEADO`;
DELIMITER //
CREATE DEFINER=`root`@`localhost` PROCEDURE `AS_SP_ACTUALIZAR_EMPLEADO`(
	IN `CODIGO` INT,
	IN `NOMBRE` VARCHAR(45),
	IN `APELLIDO` VARCHAR(45),
	IN `FEC_NACIMIENTO` DATE,
	IN `SEXO` VARCHAR(1),
	IN `DIRECCION` TEXT,
	IN `TELEFONO` VARCHAR(20),
	IN `CELULAR` VARCHAR(20),
	IN `EMAIL` VARCHAR(50)
)
BEGIN
 UPDATE as_empleados SET NOMBRE = NOMBRE, APELLIDO = APELLIDO, FEC_NACIMIENTO = FEC_NACIMIENTO, SEXO = SEXO, DIRECCION = DIRECCION, TELEFONO = TELEFONO, CELULAR = CELULAR, EMAIL = EMAIL WHERE PK_COD_EMPLEADO = CODIGO;
END//
DELIMITER ;

-- Volcando estructura para procedimiento as.AS_SP_ACTUALIZAR_INVENTARIO
DROP PROCEDURE IF EXISTS `AS_SP_ACTUALIZAR_INVENTARIO`;
DELIMITER //
CREATE DEFINER=`root`@`localhost` PROCEDURE `AS_SP_ACTUALIZAR_INVENTARIO`(
	IN `COD` INT,
	IN `CODIGO` VARCHAR(30),
	IN `NOMBRE` VARCHAR(45),
	IN `DETALLE` TEXT,
	IN `COD_CAT` INT,
	IN `PRECIO` DECIMAL(7, 2),
	IN `MINIMO` DECIMAL(7, 2),
	IN `MAXIMO` DECIMAL(7, 2)
)
BEGIN
UPDATE
    as_inventario_materiales
SET
    COD_BARRAS = CODIGO,
    NOM_MATERIAL = NOMBRE,
    DET_MATERIAL = DETALLE,
    COD_CATEGORIA= COD_CAT,
    PRECIO_VENTA = PRECIO,    
    MIN_EXISTENCIAS = MINIMO,
    MAX_EXISTENCIAS = MAXIMO
WHERE
    PK_COD_MATERIAL = COD;
END//
DELIMITER ;

-- Volcando estructura para procedimiento as.AS_SP_ACTUALIZAR_METODOP
DROP PROCEDURE IF EXISTS `AS_SP_ACTUALIZAR_METODOP`;
DELIMITER //
CREATE DEFINER=`root`@`localhost` PROCEDURE `AS_SP_ACTUALIZAR_METODOP`(
        IN COD INT,
        IN NOMBRE VARCHAR(45),
        IN DETALLE TEXT
    )
BEGIN
UPDATE
    as_metodos_pagos
SET
    NOM_METODO_PAGO = NOMBRE,
    DET_METODO_PAGO = DETALLE
WHERE
    PK_COD_METODO_PAGO = COD;
    END//
DELIMITER ;

-- Volcando estructura para procedimiento as.AS_SP_ACTUALIZAR_METODO_PAGO
DROP PROCEDURE IF EXISTS `AS_SP_ACTUALIZAR_METODO_PAGO`;
DELIMITER //
CREATE DEFINER=`root`@`localhost` PROCEDURE `AS_SP_ACTUALIZAR_METODO_PAGO`(
        IN AS_PK_COD_METODO_PAGO INT,
        IN AS_NOM_METODO_PAGO VARCHAR(45),
        IN AS_DET_METODO_PAGO TEXT
    )
BEGIN
UPDATE
    AS_ORDENES_DETALLE_MATERIALES
SET
    AS_PK_COD_METODO_PAGO = PK_COD_METODO_PAGO,
    AS_NOM_METODO_PAGO = NOM_METODO_PAGO,
    AS_DET_METODO_PAGO = DET_METODO_PAGO
WHERE
    PK_COD_METODO_PAGO = AS_PK_COD_METODO_PAGO;
    END//
DELIMITER ;

-- Volcando estructura para procedimiento as.AS_SP_ACTUALIZAR_ORDEN_MATERIAL
DROP PROCEDURE IF EXISTS `AS_SP_ACTUALIZAR_ORDEN_MATERIAL`;
DELIMITER //
CREATE DEFINER=`root`@`localhost` PROCEDURE `AS_SP_ACTUALIZAR_ORDEN_MATERIAL`(
        IN AS_PK_COD_ORDEN_TRABAJO INT,
        IN AS_COD_EMPLEADO INT,
        IN AS_COD_COTIZACION INT,
        IN AS_FEC_ENTREGA DATE,
        IN AS_DET_ORDEN_TRABAJO TEXT,
        IN AS_ESTADO VARCHAR(20)
    )
BEGIN
UPDATE
    AS_ORDENES_TRABAJO
SET
    PK_COD_ORDEN_TRABAJO = AS_PK_COD_ODEN_TRABAJO,
    COD_EMPLEADO = AS_COD_EMPLEADO,
    COD_COTIZACION = AS_COD_COTIZACION,
    FEC_ENTREGA = AS_FEC_ENTREGA,
    DET_ORDEN_TRABAJO = AS_DET_ORDEN_TRABAJO,
    ESTADO = AS_ESTADO
WHERE
    PK_COD_CDV = AS_PK_COD_CDV;
    END//
DELIMITER ;

-- Volcando estructura para procedimiento as.AS_SP_ACTUALIZAR_PROVEEDOR
DROP PROCEDURE IF EXISTS `AS_SP_ACTUALIZAR_PROVEEDOR`;
DELIMITER //
CREATE DEFINER=`root`@`localhost` PROCEDURE `AS_SP_ACTUALIZAR_PROVEEDOR`(
	IN `COD` INT,
	IN `RTN` VARCHAR(20),
	IN `NOMBRE` VARCHAR(45),
	IN `DIRECCION` TEXT,
	IN `CORREO` VARCHAR(50),
	IN `TELEFONO` VARCHAR(20),
	IN `FAX` VARCHAR(20),
	IN `CELULAR` VARCHAR(20),
	IN `SITIOWEB` VARCHAR(45),
	IN `ASESOR` VARCHAR(70),
	IN `ASESORCORREO` VARCHAR(50),
	IN `ASESORCEL` VARCHAR(20)
)
BEGIN
UPDATE
    AS_PROVEEDORES
SET
    RTN_PROVEEDOR = RTN,
    NOM_PROVEEDOR = NOMBRE,
    DIRECCION = DIRECCION,
    EMAIL = CORREO,
    TELEFONO = TELEFONO,
    FAX = FAX,
    CELULAR = CELULAR,
    SITIO_WEB = SITIOWEB,
    ASESOR_VENTAS = ASESOR,
    EMAIL_ASESOR_VENTAS = ASESORCORREO,
    CELULAR_ASESOR_VENTAS = ASESORCEL
WHERE
    PK_COD_PROVEEDOR = COD;
    END//
DELIMITER ;

-- Volcando estructura para procedimiento as.AS_SP_ACTUALIZAR_SEGUIMIENTO
DROP PROCEDURE IF EXISTS `AS_SP_ACTUALIZAR_SEGUIMIENTO`;
DELIMITER //
CREATE DEFINER=`root`@`localhost` PROCEDURE `AS_SP_ACTUALIZAR_SEGUIMIENTO`(
	IN `CODIGO` INT,
	IN `ID_VENTA` INT,
	IN `ID_CLIENTE` INT,
	IN `DET_RESEÑA` TEXT,
	IN `NUM_CALIFICACION` INT
)
BEGIN
UPDATE as_seguimiento_clientes SET 
ID_VENTA = ID_VENTA,
ID_CLIENTE = ID_CLIENTE,
DET_RESEÑA = DET_RESEÑA,
NUM_CALIFICACION = NUM_CALIFICACION
WHERE PK_COD_SEGUIMIENTO = CODIGO;
END//
DELIMITER ;

-- Volcando estructura para procedimiento as.AS_SP_ACTUALIZAR_TIPO_IDENTIFICACIONES
DROP PROCEDURE IF EXISTS `AS_SP_ACTUALIZAR_TIPO_IDENTIFICACIONES`;
DELIMITER //
CREATE DEFINER=`root`@`localhost` PROCEDURE `AS_SP_ACTUALIZAR_TIPO_IDENTIFICACIONES`(
        IN CODIGO INT,
        IN IDENTIFICACION VARCHAR(45),
        IN DETALLE VARCHAR(45)
    )
BEGIN
UPDATE
    AS_TIPOS_IDENTIFICACIONES
SET
    NOM_TIPO_IDENTIFICACION = IDENTIFICACION,
    DET_TIPO_IDENTIFICACION = DETALLE
WHERE
    PK_COD_TIPO_IDENTIFICACION = CODIGO;
    END//
DELIMITER ;

-- Volcando estructura para procedimiento as.AS_SP_ACTUALIZAR_USUARIO
DROP PROCEDURE IF EXISTS `AS_SP_ACTUALIZAR_USUARIO`;
DELIMITER //
CREATE DEFINER=`root`@`localhost` PROCEDURE `AS_SP_ACTUALIZAR_USUARIO`(IN ID INT, IN NOMBRE VARCHAR(30), IN PASS VARCHAR(100), IN IMG VARCHAR(80), IN ESTADO VARCHAR(10), IN COD_EMPLEADO INT, IN USUARIO INT)
BEGIN 
	-- ACTUALIZAR EL USUARIO
	UPDATE AS_USUARIOS_SISTEMA SET NOM_USUARIO = NOMBRE, PASS_USUARIO = PASS, IMG_USUARIO = IMG, EST_USUARIO = ESTADO, ID_EMPLEADO = COD_EMPLEADO WHERE PK_ID_USUARIO = ID;
    -- REGISTRO DE LA CREACIÓN DEL USUARIO EN LA BITACORA
    INSERT INTO AS_BITACORA_SISTEMA VALUES (NULL, USUARIO, "USUARIO ACTUALIZADO", "SE HA REGISTADO UN CAMBIO EN LOS DATOS DEL USUARIO EN EL SISTEMA", CURRENT_DATE(), CURRENT_TIME());
END//
DELIMITER ;

-- Volcando estructura para procedimiento as.AS_SP_ACTUALIZAR_VENTA
DROP PROCEDURE IF EXISTS `AS_SP_ACTUALIZAR_VENTA`;
DELIMITER //
CREATE DEFINER=`root`@`localhost` PROCEDURE `AS_SP_ACTUALIZAR_VENTA`(
	IN `AS_COD_VENTA` INT,
	IN `AS_NO_FACTURA` VARCHAR (45),
	IN `AS_COD_COTIZACION` INT,
	IN `AS_COD_ORDEN_TRABAJO` INT,
	IN `AS_ID_USUARIO_VENTA` INT,
	IN `AS_TIPO_PAGO` VARCHAR(20),
	IN `AS_COD_METODO_PAGO` INT,
	IN `AS_SUBTOTAL` DECIMAL(7,2),
	IN `AS_DESCUENTO` DECIMAL(7,2),
	IN `AS_ISV` DECIMAL(7,2),
	IN `AS_TOTAL_PAGAR` DECIMAL(7,2)
)
BEGIN
UPDATE
    AS_VENTAS
SET
    NO_FACTURA = AS_NO_FACTURA,
    COD_COTIZACION = AS_COD_COTIZACION,
    COD_ORDEN_TRABAJO = AS_COD_ORDEN_TRABAJO,
    ID_USUARIO_VENTA = AS_ID_USUARIO_VENTA,
    TIPO_PAGO = AS_TIPO_PAGO,
    COD_METODO_PAGO = AS_COD_METODO_PAGO,
    SUBTOTAL = AS_SUBTOTAL,
    DESCUENTO = AS_DESCUENTO,
    ISV = AS_ISV,
    TOTAL_PAGAR = AS_TOTAL_PAGAR
WHERE
    PK_COD_VENTA = AS_COD_VENTA;
END//
DELIMITER ;

-- Volcando estructura para procedimiento as.AS_SP_AGREGAR_ACCESO_AL_ROL
DROP PROCEDURE IF EXISTS `AS_SP_AGREGAR_ACCESO_AL_ROL`;
DELIMITER //
CREATE DEFINER=`root`@`localhost` PROCEDURE `AS_SP_AGREGAR_ACCESO_AL_ROL`(
	IN `ROL` INT,
	IN `ACCESO` INT
)
BEGIN
INSERT INTO as_rol_permiso_acceso VALUES (NULL, ROL, ACCESO);
END//
DELIMITER ;

-- Volcando estructura para procedimiento as.AS_SP_AGREGAR_ACCESO_SISTEMA
DROP PROCEDURE IF EXISTS `AS_SP_AGREGAR_ACCESO_SISTEMA`;
DELIMITER //
CREATE DEFINER=`root`@`localhost` PROCEDURE `AS_SP_AGREGAR_ACCESO_SISTEMA`(
	IN `NOMBRE` VARCHAR(75),
	IN `DETALLE` TEXT
)
BEGIN
INSERT INTO as_acceso_sistema VALUE (NULL, NOMBRE, DETALLE);
END//
DELIMITER ;

-- Volcando estructura para procedimiento as.AS_SP_AGREGAR_CATEGORIA
DROP PROCEDURE IF EXISTS `AS_SP_AGREGAR_CATEGORIA`;
DELIMITER //
CREATE DEFINER=`root`@`localhost` PROCEDURE `AS_SP_AGREGAR_CATEGORIA`(IN NOMBRE VARCHAR(45), IN DETALLE TEXT)
BEGIN
INSERT INTO
    as_categoria_material (NOM_CATEGORIA, DET_CATEGORIA)
VALUES
    (NOMBRE, DETALLE);
    END//
DELIMITER ;

-- Volcando estructura para procedimiento as.AS_SP_AGREGAR_CLIENTES
DROP PROCEDURE IF EXISTS `AS_SP_AGREGAR_CLIENTES`;
DELIMITER //
CREATE DEFINER=`root`@`localhost` PROCEDURE `AS_SP_AGREGAR_CLIENTES`(
	IN `TIPO_IDENTIFICACION` INT,
	IN `NUMERO_IDENTIFICACION` VARCHAR(45),
	IN `NOMBRE` VARCHAR(45),
	IN `APELLIDO` VARCHAR(45),
	IN `EMAIL` VARCHAR(50),
	IN `TELEFONO` VARCHAR(25),
	IN `CELULAR` VARCHAR(25),
	IN `CREDITO` INT(1),
	IN `LIMITE_CREDITO` DECIMAL(7, 2)
)
BEGIN
INSERT INTO AS_CLIENTES VALUES (NULL, TIPO_IDENTIFICACION, NUMERO_IDENTIFICACION, NOMBRE, APELLIDO, EMAIL, TELEFONO, CELULAR, CREDITO, LIMITE_CREDITO, 0);
END//
DELIMITER ;

-- Volcando estructura para procedimiento as.AS_SP_AGREGAR_COMPRA
DROP PROCEDURE IF EXISTS `AS_SP_AGREGAR_COMPRA`;
DELIMITER //
CREATE DEFINER=`root`@`localhost` PROCEDURE `AS_SP_AGREGAR_COMPRA`(
	IN `FACTURA` VARCHAR(30),
	IN `PROVEEDOR` INT,
	IN `FECHA` DATE,
	IN `SUBTOTAL` DECIMAL(7, 2),
	IN `DESCUENTO` DECIMAL(7, 2),
	IN `ISV` DECIMAL(7, 2),
	IN `TOTAL` DECIMAL(7, 2)
)
BEGIN
INSERT INTO as_compras VALUES (NULL, FACTURA, PROVEEDOR, FECHA, SUBTOTAL, DESCUENTO, ISV, TOTAL);
END//
DELIMITER ;

-- Volcando estructura para procedimiento as.AS_SP_AGREGAR_CUENTAS
DROP PROCEDURE IF EXISTS `AS_SP_AGREGAR_CUENTAS`;
DELIMITER //
CREATE DEFINER=`root`@`localhost` PROCEDURE `AS_SP_AGREGAR_CUENTAS`(
        IN COD_CLIENTE_C INT,
        IN SAL_CUENTAS DECIMAL(7, 2)
    )
BEGIN
INSERT INTO
    AS_CUENTAS_CLIENTES (COD_CLIENTE, SALDO)
VALUES
    (COD_CLIENTE_C, SAL_CUENTAS);
    END//
DELIMITER ;

-- Volcando estructura para procedimiento as.AS_SP_AGREGAR_DETALLE_COTIZACION
DROP PROCEDURE IF EXISTS `AS_SP_AGREGAR_DETALLE_COTIZACION`;
DELIMITER //
CREATE DEFINER=`root`@`localhost` PROCEDURE `AS_SP_AGREGAR_DETALLE_COTIZACION`(
	IN `COTIZACION` INT,
	IN `PRODUCTO` INT,
	IN `CANTIDAD` INT,
	IN `PRECIO` DECIMAL(7,2)
)
BEGIN
INSERT INTO as_detalles_cotizaciones VALUES (NULL, COTIZACION, PRODUCTO, CANTIDAD, PRECIO, (CANTIDAD * PRECIO));
END//
DELIMITER ;

-- Volcando estructura para procedimiento as.AS_SP_AGREGAR_DETALLE_VENTA
DROP PROCEDURE IF EXISTS `AS_SP_AGREGAR_DETALLE_VENTA`;
DELIMITER //
CREATE DEFINER=`root`@`localhost` PROCEDURE `AS_SP_AGREGAR_DETALLE_VENTA`(
        IN NO_CUENTA INT,
        IN COD_VENTA INT,
        IN FEC_PAGO DATE,
        IN PERIODICIDAD VARCHAR(30),
        IN NO_CUOTAS INT
    )
BEGIN
INSERT INTO
    AS_CUENTAS_DETALLE_VENTAS
VALUES
    (
        NULL,
        NO_CUENTA,
        COD_VENTA,
        FEC_PAGO,
        PERIODICIDAD,
        NO_CUOTAS
    );
    END//
DELIMITER ;

-- Volcando estructura para procedimiento as.AS_SP_AGREGAR_DIRECCIONES
DROP PROCEDURE IF EXISTS `AS_SP_AGREGAR_DIRECCIONES`;
DELIMITER //
CREATE DEFINER=`root`@`localhost` PROCEDURE `AS_SP_AGREGAR_DIRECCIONES`(
        IN COD_CLIENTE_D INT,
        IN DEPARTAMENTO_D VARCHAR(45),
        IN MUNICIPIO_D VARCHAR(45),
        IN CIUDAD_D VARCHAR(45),
        IN BARRIO_COLONIA_D VARCHAR(45),
        IN DETALLE_DIR TEXT
    )
BEGIN
INSERT INTO
    AS_DIRECCIONES_CLIENTES (
        COD_CLIENTE,
        DEPARTAMENTO,
        MUNICIPIO,
        CIUDAD,
        BARRIO_COLONIA,
        DET_DIRECCION
    )
VALUES
    (
        COD_CLIENTE_D,
        DEPARTAMENTO_D,
        MUNICIPIO_D,
        CIUDAD_D,
        BARRIO_COLONIA_D,
        DETALLE_DIR
    );
    END//
DELIMITER ;

-- Volcando estructura para procedimiento as.AS_SP_AGREGAR_EMPLEADO
DROP PROCEDURE IF EXISTS `AS_SP_AGREGAR_EMPLEADO`;
DELIMITER //
CREATE DEFINER=`root`@`localhost` PROCEDURE `AS_SP_AGREGAR_EMPLEADO`(
	IN `NOMBRE` VARCHAR(45),
	IN `APELLIDO` VARCHAR(45),
	IN `FEC_NACIMIENTO` DATE,
	IN `SEXO` VARCHAR(1),
	IN `DIRECCION` TEXT,
	IN `TELEFONO` VARCHAR(25),
	IN `CELULAR` VARCHAR(25),
	IN `EMAIL` VARCHAR(50)
)
BEGIN
INSERT INTO as_empleados VALUES (NULL, NOMBRE, APELLIDO, FEC_NACIMIENTO, SEXO, DIRECCION, TELEFONO, CELULAR, EMAIL);
END//
DELIMITER ;

-- Volcando estructura para procedimiento as.AS_SP_AGREGAR_INVENTARIO
DROP PROCEDURE IF EXISTS `AS_SP_AGREGAR_INVENTARIO`;
DELIMITER //
CREATE DEFINER=`root`@`localhost` PROCEDURE `AS_SP_AGREGAR_INVENTARIO`(
	IN `CODIGO` VARCHAR(30),
	IN `NOMBRE` VARCHAR(45),
	IN `DETALLE` TEXT,
	IN `CODCATEGORIA` INT,
	IN `PRECIO` DECIMAL(7, 2),
	IN `EXISTENCIA` DECIMAL(7, 2),
	IN `MINIMO` DECIMAL(7, 2),
	IN `MAXIMO` DECIMAL(7, 2)
)
BEGIN
INSERT INTO
    as_inventario_materiales
VALUES
    (
        NULL,
        CODIGO,
        NOMBRE,
        DETALLE,
        CODCATEGORIA,
        PRECIO,
        EXISTENCIA,
        MINIMO,
        MAXIMO,
        0
    );
    END//
DELIMITER ;

-- Volcando estructura para procedimiento as.AS_SP_AGREGAR_METODOP
DROP PROCEDURE IF EXISTS `AS_SP_AGREGAR_METODOP`;
DELIMITER //
CREATE DEFINER=`root`@`localhost` PROCEDURE `AS_SP_AGREGAR_METODOP`(IN NOMBRE VARCHAR(45), IN DETALLE TEXT)
BEGIN
INSERT INTO
    as_metodos_pagos (NOM_METODO_PAGO, DET_METODO_PAGO)
VALUES
    (NOMBRE, DETALLE);
    END//
DELIMITER ;

-- Volcando estructura para procedimiento as.AS_SP_AGREGAR_METODO_PAGO
DROP PROCEDURE IF EXISTS `AS_SP_AGREGAR_METODO_PAGO`;
DELIMITER //
CREATE DEFINER=`root`@`localhost` PROCEDURE `AS_SP_AGREGAR_METODO_PAGO`(
        IN NOM_METODO_PAGO VARCHAR(45),
        IN DET_METODO_PAGO TEXT
    )
BEGIN
INSERT INTO
    AS_METODOS_PAGOS(NOM_METODO_PAGO, DET_METODO_PAGO)
VALUES
    (NOM_METODO_PAGO, DET_METODO_PAGO);
    END//
DELIMITER ;

-- Volcando estructura para procedimiento as.AS_SP_AGREGAR_NUEVA_COTIZACION
DROP PROCEDURE IF EXISTS `AS_SP_AGREGAR_NUEVA_COTIZACION`;
DELIMITER //
CREATE DEFINER=`root`@`localhost` PROCEDURE `AS_SP_AGREGAR_NUEVA_COTIZACION`(
	IN `CLIENTE` INT,
	IN `USUARIO` INT,
	IN `SUBTOTAL` DECIMAL(7,2),
	IN `DESCUENTO` DECIMAL(7,2),
	IN `ISV` DECIMAL(7,2),
	IN `TOTAL` DECIMAL(7,2)
)
BEGIN
INSERT INTO as_cotizaciones VALUES (NULL, CLIENTE, USUARIO, CURRENT_DATE(), CURRENT_TIME(), SUBTOTAL, DESCUENTO, ISV, TOTAL);
END//
DELIMITER ;

-- Volcando estructura para procedimiento as.AS_SP_AGREGAR_ORDEN_MATERIAL
DROP PROCEDURE IF EXISTS `AS_SP_AGREGAR_ORDEN_MATERIAL`;
DELIMITER //
CREATE DEFINER=`root`@`localhost` PROCEDURE `AS_SP_AGREGAR_ORDEN_MATERIAL`(
        IN COD_ORDEN_TRABAJO INT,
        IN COD_MATERIAL INT,
        IN CANT_MATERIAL DECIMAL(7, 2)
    )
BEGIN
INSERT INTO
    AS_ORDENES_TRABAJO
VALUES
    (
        NULL,
        COD_ORDEN_TRABAJO,
        COD_MATERIAL,
        CANT_MATERIAL
    );
    END//
DELIMITER ;

-- Volcando estructura para procedimiento as.AS_SP_AGREGAR_ORDEN_TRABAJO
DROP PROCEDURE IF EXISTS `AS_SP_AGREGAR_ORDEN_TRABAJO`;
DELIMITER //
CREATE DEFINER=`root`@`localhost` PROCEDURE `AS_SP_AGREGAR_ORDEN_TRABAJO`(
        IN COD_EMPLEADO INT,
        IN COD_COTIZACION INT,
        IN FEC_ENTREGA DATE,
        IN DET_ORDEN_TRABAJO TEXT,
        IN ESTADO VARCHAR(20)
    )
BEGIN
INSERT INTO
    AS_ORDENES_TRABAJO
VALUES
    (
        NULL,
        COD_EMPLEADO,
        COD_COTIZACION,
        FEC_ENTREGA,
        DET_ORDEN_TRABAJO,
        ESTADO
    );
    END//
DELIMITER ;

-- Volcando estructura para procedimiento as.AS_SP_AGREGAR_PRODUCTO
DROP PROCEDURE IF EXISTS `AS_SP_AGREGAR_PRODUCTO`;
DELIMITER //
CREATE DEFINER=`root`@`localhost` PROCEDURE `AS_SP_AGREGAR_PRODUCTO`(
	IN `NOMBRE` TEXT,
	IN `DETALLE` TEXT,
	IN `IMAGEN` TEXT,
	IN `PRECIO` DECIMAL(7,2)
)
BEGIN
INSERT INTO as_catalogo VALUES (NULL, NOMBRE, DETALLE, IMAGEN, PRECIO, 0);
END//
DELIMITER ;

-- Volcando estructura para procedimiento as.AS_SP_AGREGAR_PROVEEDOR
DROP PROCEDURE IF EXISTS `AS_SP_AGREGAR_PROVEEDOR`;
DELIMITER //
CREATE DEFINER=`root`@`localhost` PROCEDURE `AS_SP_AGREGAR_PROVEEDOR`(
	IN `RTN` VARCHAR(20),
	IN `NOMBRE` VARCHAR(45),
	IN `DIRECCION` TEXT,
	IN `CORREO` VARCHAR(50),
	IN `TELEFONO` VARCHAR(20),
	IN `FAX` VARCHAR(20),
	IN `CELULAR` VARCHAR(20),
	IN `SITIOWEB` VARCHAR(45),
	IN `ASESOR` VARCHAR(70),
	IN `ASESORCORREO` VARCHAR(50),
	IN `ASESORCEL` VARCHAR(20)
)
BEGIN
INSERT INTO
    AS_PROVEEDORES (
        RTN_PROVEEDOR,
        NOM_PROVEEDOR,
        DIRECCION,
        EMAIL,
        TELEFONO,
        FAX,
        CELULAR,
        SITIO_WEB,
        ASESOR_VENTAS,
        EMAIL_ASESOR_VENTAS,
        CELULAR_ASESOR_VENTAS
    )
VALUES
    (
        RTN,
        NOMBRE,
        DIRECCION,
        CORREO,
        TELEFONO,
        FAX,
        CELULAR,
        SITIOWEB,
        ASESOR,
        ASESORCORREO,
        ASESORCEL
    );
    END//
DELIMITER ;

-- Volcando estructura para procedimiento as.AS_SP_AGREGAR_REGISTRO_BITACORA
DROP PROCEDURE IF EXISTS `AS_SP_AGREGAR_REGISTRO_BITACORA`;
DELIMITER //
CREATE DEFINER=`root`@`localhost` PROCEDURE `AS_SP_AGREGAR_REGISTRO_BITACORA`(IN USUARIO INT, IN ACCION VARCHAR(150), IN DETALLE TEXT)
BEGIN 
	INSERT INTO AS_BITACORA_SISTEMA VALUES (NULL, USUARIO, ACCION, DETALLE, CURRENT_DATE(), CURRENT_TIME());
END//
DELIMITER ;

-- Volcando estructura para procedimiento as.AS_SP_AGREGAR_ROLES
DROP PROCEDURE IF EXISTS `AS_SP_AGREGAR_ROLES`;
DELIMITER //
CREATE DEFINER=`root`@`localhost` PROCEDURE `AS_SP_AGREGAR_ROLES`(
	IN `NOMBRE` VARCHAR(50),
	IN `USUARIO` INT
)
BEGIN
INSERT INTO as_roles_usuarios VALUES (NULL, NOMBRE, 0);
INSERT INTO as_bitacora_sistema VALUES (NULL, USUARIO, "NUEVO ROL CREADO", "SE HA CREADO UN NUEVO ROL EN SISTEMA", CURRENT_DATE(), CURRENT_TIME());
END//
DELIMITER ;

-- Volcando estructura para procedimiento as.AS_SP_AGREGAR_ROL_PERMISO_ACCION
DROP PROCEDURE IF EXISTS `AS_SP_AGREGAR_ROL_PERMISO_ACCION`;
DELIMITER //
CREATE DEFINER=`root`@`localhost` PROCEDURE `AS_SP_AGREGAR_ROL_PERMISO_ACCION`(
	IN `ROL_ACCESO` INT,
	IN `ACCION` INT
)
BEGIN
INSERT INTO as_rol_permiso_accion VALUES (NULL, ROL_ACCESO, ACCION);
END//
DELIMITER ;

-- Volcando estructura para procedimiento as.AS_SP_AGREGAR_TIPOS_IDENTIFICACIONES
DROP PROCEDURE IF EXISTS `AS_SP_AGREGAR_TIPOS_IDENTIFICACIONES`;
DELIMITER //
CREATE DEFINER=`root`@`localhost` PROCEDURE `AS_SP_AGREGAR_TIPOS_IDENTIFICACIONES`(
    IN IDENTIFICACION VARCHAR(45),
    IN DETALLE VARCHAR(45)
)
BEGIN
INSERT INTO
    AS_TIPOS_IDENTIFICACIONES (NOM_TIPO_IDENTIFICACION, DET_TIPO_IDENTIFICACION)
VALUES
    (IDENTIFICACION, DETALLE);
    END//
DELIMITER ;

-- Volcando estructura para procedimiento as.AS_SP_AGREGAR_USUARIO
DROP PROCEDURE IF EXISTS `AS_SP_AGREGAR_USUARIO`;
DELIMITER //
CREATE DEFINER=`root`@`localhost` PROCEDURE `AS_SP_AGREGAR_USUARIO`(
	IN `NOMBRE` VARCHAR(30),
	IN `PASS` VARCHAR(100),
	IN `IMG` VARCHAR(80),
	IN `ESTADO` VARCHAR(10),
	IN `COD_EMPLEADO` INT,
	IN `USUARIO` INT
)
BEGIN 
	-- REGISTRO DEL USUARIO
	INSERT INTO AS_USUARIOS_SISTEMA VALUES (NULL, NOMBRE, PASS, IMG, ESTADO, COD_EMPLEADO, PASS);
    -- REGISTRO DE LA CREACIÓN DEL USUARIO EN LA BITACORA
    INSERT INTO AS_BITACORA_SISTEMA VALUES (NULL, USUARIO, "REGISTRO DE NUEVO USUARIO", "SE HA REGISTADO UN NUEVO USUARIO EN EL SISTEMA", CURRENT_DATE(), CURRENT_TIME());
END//
DELIMITER ;

-- Volcando estructura para procedimiento as.AS_SP_AGREGAR_VENTA
DROP PROCEDURE IF EXISTS `AS_SP_AGREGAR_VENTA`;
DELIMITER //
CREATE DEFINER=`root`@`localhost` PROCEDURE `AS_SP_AGREGAR_VENTA`(
	IN `NO_FACTURA` VARCHAR (20),
	IN `COD_COTIZACION` INT,
	IN `COD_ORDEN_TRABAJO` INT,
	IN `ID_USUARIO_VENTA` BIGINT,
	IN `TIPO_PAGO` VARCHAR(20),
	IN `COD_METODO_PAGO` INT,
	IN `SUBTOTAL` DECIMAL(7,2),
	IN `DESCUENTO` DECIMAL(7,2),
	IN `ISV` DECIMAL(7,2),
	IN `TOTAL_PAGAR` DECIMAL(7,2)
)
BEGIN
INSERT INTO
    AS_VENTAS
VALUES
    (
        NULL,
        NO_FACTURA,
        COD_COTIZACION,
        COD_ORDEN_TRABAJO,
        ID_USUARIO_VENTA,
        CURRENT_DATE(),
        CURRENT_TIME(),
        TIPO_PAGO,
        COD_METODO_PAGO,
        SUBTOTAL,
        DESCUENTO,
        ISV,
        TOTAL_PAGAR
    );
    END//
DELIMITER ;

-- Volcando estructura para procedimiento as.AS_SP_CAMBIAR_IMAGEN_USUARIO
DROP PROCEDURE IF EXISTS `AS_SP_CAMBIAR_IMAGEN_USUARIO`;
DELIMITER //
CREATE DEFINER=`root`@`localhost` PROCEDURE `AS_SP_CAMBIAR_IMAGEN_USUARIO`(
	IN `RUTA_IMAGEN` VARCHAR(50),
	IN `CODIGO` INT
)
BEGIN
UPDATE as_usuarios_sistema SET IMG_USUARIO = RUTA_IMAGEN WHERE PK_ID_USUARIO = CODIGO;
END//
DELIMITER ;

-- Volcando estructura para procedimiento as.AS_SP_CONSULTAR_ACCESOS_SISTEMA
DROP PROCEDURE IF EXISTS `AS_SP_CONSULTAR_ACCESOS_SISTEMA`;
DELIMITER //
CREATE DEFINER=`root`@`localhost` PROCEDURE `AS_SP_CONSULTAR_ACCESOS_SISTEMA`()
BEGIN
SELECT * FROM as_acceso_sistema;
END//
DELIMITER ;

-- Volcando estructura para procedimiento as.AS_SP_CONSULTAR_ACCESO_ACCION_AGREGADO
DROP PROCEDURE IF EXISTS `AS_SP_CONSULTAR_ACCESO_ACCION_AGREGADO`;
DELIMITER //
CREATE DEFINER=`root`@`localhost` PROCEDURE `AS_SP_CONSULTAR_ACCESO_ACCION_AGREGADO`()
BEGIN
SELECT * FROM as_rol_permiso_acceso ORDER BY PK_COD DESC LIMIT 1;
END//
DELIMITER ;

-- Volcando estructura para procedimiento as.AS_SP_CONSULTAR_ACCIONES
DROP PROCEDURE IF EXISTS `AS_SP_CONSULTAR_ACCIONES`;
DELIMITER //
CREATE DEFINER=`root`@`localhost` PROCEDURE `AS_SP_CONSULTAR_ACCIONES`()
BEGIN
	SELECT * FROM as_acciones_sistema;
END//
DELIMITER ;

-- Volcando estructura para procedimiento as.AS_SP_CONSULTAR_CATEGORIA
DROP PROCEDURE IF EXISTS `AS_SP_CONSULTAR_CATEGORIA`;
DELIMITER //
CREATE DEFINER=`root`@`localhost` PROCEDURE `AS_SP_CONSULTAR_CATEGORIA`(
	IN `COD` INT
)
BEGIN
SELECT * FROM as_categoria_material WHERE PK_COD_CATEGORIA = COD;
END//
DELIMITER ;

-- Volcando estructura para procedimiento as.AS_SP_CONSULTAR_CATEGORIAS
DROP PROCEDURE IF EXISTS `AS_SP_CONSULTAR_CATEGORIAS`;
DELIMITER //
CREATE DEFINER=`root`@`localhost` PROCEDURE `AS_SP_CONSULTAR_CATEGORIAS`()
BEGIN
SELECT * FROM as_categoria_material;
END//
DELIMITER ;

-- Volcando estructura para procedimiento as.AS_SP_CONSULTAR_CLIENTES
DROP PROCEDURE IF EXISTS `AS_SP_CONSULTAR_CLIENTES`;
DELIMITER //
CREATE DEFINER=`root`@`localhost` PROCEDURE `AS_SP_CONSULTAR_CLIENTES`()
BEGIN
SELECT * FROM as_clientes WHERE ELIMINAR = 0;
END//
DELIMITER ;

-- Volcando estructura para procedimiento as.AS_SP_CONSULTAR_COMPRAS
DROP PROCEDURE IF EXISTS `AS_SP_CONSULTAR_COMPRAS`;
DELIMITER //
CREATE DEFINER=`root`@`localhost` PROCEDURE `AS_SP_CONSULTAR_COMPRAS`()
BEGIN
SELECT * FROM as_compras;
END//
DELIMITER ;

-- Volcando estructura para procedimiento as.AS_SP_CONSULTAR_COTIZACION
DROP PROCEDURE IF EXISTS `AS_SP_CONSULTAR_COTIZACION`;
DELIMITER //
CREATE DEFINER=`root`@`localhost` PROCEDURE `AS_SP_CONSULTAR_COTIZACION`(
	IN `CODIGO` INT
)
BEGIN
SELECT * FROM as_cotizaciones ct, as_clientes c, as_usuarios_sistema u, as_empleados e 
WHERE ct.COD_CLIENTE = c.PK_COD_CLIENTE AND PK_COD_COTIZACION = CODIGO AND c.ELIMINAR = 0 
AND ct.ID_USUARIO = u.PK_ID_USUARIO AND u.ID_EMPLEADO = e.PK_COD_EMPLEADO;
END//
DELIMITER ;

-- Volcando estructura para procedimiento as.AS_SP_CONSULTAR_DETALLES_COTIZACION
DROP PROCEDURE IF EXISTS `AS_SP_CONSULTAR_DETALLES_COTIZACION`;
DELIMITER //
CREATE DEFINER=`root`@`localhost` PROCEDURE `AS_SP_CONSULTAR_DETALLES_COTIZACION`(
	IN `CODIGO` INT
)
BEGIN
SELECT * FROM as_detalles_cotizaciones d, as_catalogo c WHERE d.COD_COTIZACION = CODIGO AND d.COD_PRODUCTO = c.PK_COD_PRODUCTO;
END//
DELIMITER ;

-- Volcando estructura para procedimiento as.AS_SP_CONSULTAR_DETALLE_VENTA
DROP PROCEDURE IF EXISTS `AS_SP_CONSULTAR_DETALLE_VENTA`;
DELIMITER //
CREATE DEFINER=`root`@`localhost` PROCEDURE `AS_SP_CONSULTAR_DETALLE_VENTA`(IN AS_COD_CDV INT)
BEGIN
SELECT
    *
FROM
    AS_CUENTAS_DETALLE_VENTAS
WHERE
    PK_COD_CDV = AS_COD_CDV;
    END//
DELIMITER ;

-- Volcando estructura para procedimiento as.AS_SP_CONSULTAR_DIRECCIONES
DROP PROCEDURE IF EXISTS `AS_SP_CONSULTAR_DIRECCIONES`;
DELIMITER //
CREATE DEFINER=`root`@`localhost` PROCEDURE `AS_SP_CONSULTAR_DIRECCIONES`()
BEGIN
SELECT * FROM as_direcciones_clientes;
END//
DELIMITER ;

-- Volcando estructura para procedimiento as.AS_SP_CONSULTAR_EMPLEADO
DROP PROCEDURE IF EXISTS `AS_SP_CONSULTAR_EMPLEADO`;
DELIMITER //
CREATE DEFINER=`root`@`localhost` PROCEDURE `AS_SP_CONSULTAR_EMPLEADO`(
	IN `CODIGO` INT
)
BEGIN
SELECT * FROM as_empleados WHERE PK_COD_EMPLEADO = CODIGO;
END//
DELIMITER ;

-- Volcando estructura para procedimiento as.AS_SP_CONSULTAR_INVENTARIO
DROP PROCEDURE IF EXISTS `AS_SP_CONSULTAR_INVENTARIO`;
DELIMITER //
CREATE DEFINER=`root`@`localhost` PROCEDURE `AS_SP_CONSULTAR_INVENTARIO`()
BEGIN
select * FROM as_inventario_materiales WHERE ELIMINAR=0;
END//
DELIMITER ;

-- Volcando estructura para procedimiento as.AS_SP_CONSULTAR_METODOP
DROP PROCEDURE IF EXISTS `AS_SP_CONSULTAR_METODOP`;
DELIMITER //
CREATE DEFINER=`root`@`localhost` PROCEDURE `AS_SP_CONSULTAR_METODOP`()
BEGIN
SELECT * FROM as_metodos_pagos;
END//
DELIMITER ;

-- Volcando estructura para procedimiento as.AS_SP_CONSULTAR_METODOS_PAGOS
DROP PROCEDURE IF EXISTS `AS_SP_CONSULTAR_METODOS_PAGOS`;
DELIMITER //
CREATE DEFINER=`root`@`localhost` PROCEDURE `AS_SP_CONSULTAR_METODOS_PAGOS`(IN AS_COD_METODO_PAGO INT)
BEGIN
SELECT
    *
FROM
    AS_METODOS_PAGOS
WHERE
    PK_COD_METODO_PAGO = AS_COD_METODO_PAGO;
    END//
DELIMITER ;

-- Volcando estructura para procedimiento as.AS_SP_CONSULTAR_ORDEN_MATERIAL
DROP PROCEDURE IF EXISTS `AS_SP_CONSULTAR_ORDEN_MATERIAL`;
DELIMITER //
CREATE DEFINER=`root`@`localhost` PROCEDURE `AS_SP_CONSULTAR_ORDEN_MATERIAL`(IN AS_COD_ODM INT)
BEGIN
SELECT
    *
FROM
    AS_ORDENES_DETALLE_MATERIALES
WHERE
    PK_COD_ODM = AS_COD_ODM;
    END//
DELIMITER ;

-- Volcando estructura para procedimiento as.AS_SP_CONSULTAR_ORDEN_TRABAJO
DROP PROCEDURE IF EXISTS `AS_SP_CONSULTAR_ORDEN_TRABAJO`;
DELIMITER //
CREATE DEFINER=`root`@`localhost` PROCEDURE `AS_SP_CONSULTAR_ORDEN_TRABAJO`(IN AS_COD_ORDEN_TRABAJO INT)
BEGIN
SELECT
    *
FROM
    AS_ORDENES_TRABAJO
WHERE
    PK_COD_ORDEN_TRABAJO = AS_COD_ORDEN_TRABAJO;
    END//
DELIMITER ;

-- Volcando estructura para procedimiento as.AS_SP_CONSULTAR_PERMISO
DROP PROCEDURE IF EXISTS `AS_SP_CONSULTAR_PERMISO`;
DELIMITER //
CREATE DEFINER=`root`@`localhost` PROCEDURE `AS_SP_CONSULTAR_PERMISO`(
	IN `USUARIO` INT,
	IN `ACCESO` INT
)
BEGIN
	SELECT * FROM AS_ACCESO_PERMISO_USUARIO WHERE ID_USUARIO = USUARIO AND COD_ACCESO_SISTEMA = ACCESO;
END//
DELIMITER ;

-- Volcando estructura para procedimiento as.AS_SP_CONSULTAR_PRODUCTOS_EXISTENTES
DROP PROCEDURE IF EXISTS `AS_SP_CONSULTAR_PRODUCTOS_EXISTENTES`;
DELIMITER //
CREATE DEFINER=`root`@`localhost` PROCEDURE `AS_SP_CONSULTAR_PRODUCTOS_EXISTENTES`()
BEGIN
SELECT * FROM as_catalogo WHERE ELIMINAR=0;
END//
DELIMITER ;

-- Volcando estructura para procedimiento as.AS_SP_CONSULTAR_PRODUCTO_AGREGADO
DROP PROCEDURE IF EXISTS `AS_SP_CONSULTAR_PRODUCTO_AGREGADO`;
DELIMITER //
CREATE DEFINER=`root`@`localhost` PROCEDURE `AS_SP_CONSULTAR_PRODUCTO_AGREGADO`()
BEGIN
SELECT * FROM as_catalogo ORDER BY PK_COD_PRODUCTO DESC LIMIT 1;
END//
DELIMITER ;

-- Volcando estructura para procedimiento as.AS_SP_CONSULTAR_PRODUCTO_EXISTENTE
DROP PROCEDURE IF EXISTS `AS_SP_CONSULTAR_PRODUCTO_EXISTENTE`;
DELIMITER //
CREATE DEFINER=`root`@`localhost` PROCEDURE `AS_SP_CONSULTAR_PRODUCTO_EXISTENTE`(
	IN `CODIGO` INT
)
BEGIN
SELECT * FROM as_catalogo WHERE PK_COD_PRODUCTO = CODIGO AND ELIMINAR = 0;
END//
DELIMITER ;

-- Volcando estructura para procedimiento as.AS_SP_CONSULTAR_PROVEEDOR
DROP PROCEDURE IF EXISTS `AS_SP_CONSULTAR_PROVEEDOR`;
DELIMITER //
CREATE DEFINER=`root`@`localhost` PROCEDURE `AS_SP_CONSULTAR_PROVEEDOR`(
	IN `CODIGO` INT
)
BEGIN
	SELECT * FROM as_proveedores WHERE PK_COD_PROVEEDOR = CODIGO;
END//
DELIMITER ;

-- Volcando estructura para procedimiento as.AS_SP_CONSULTAR_PROVEEDORES
DROP PROCEDURE IF EXISTS `AS_SP_CONSULTAR_PROVEEDORES`;
DELIMITER //
CREATE DEFINER=`root`@`localhost` PROCEDURE `AS_SP_CONSULTAR_PROVEEDORES`()
BEGIN
	SELECT * FROM as_proveedores;
END//
DELIMITER ;

-- Volcando estructura para procedimiento as.AS_SP_CONSULTAR_REGISTRO_BITACORA
DROP PROCEDURE IF EXISTS `AS_SP_CONSULTAR_REGISTRO_BITACORA`;
DELIMITER //
CREATE DEFINER=`root`@`localhost` PROCEDURE `AS_SP_CONSULTAR_REGISTRO_BITACORA`(IN FECHA_INICIO DATE, IN FECHA_FINAL DATE)
BEGIN 
	SELECT * FROM AS_BITACORA_SISTEMA WHERE FEC_ACCION BETWEEN FECHA_INICIO AND FECHA_FINAL;
END//
DELIMITER ;

-- Volcando estructura para procedimiento as.AS_SP_CONSULTAR_REGISTRO_BITACORA_POR_USUARIO
DROP PROCEDURE IF EXISTS `AS_SP_CONSULTAR_REGISTRO_BITACORA_POR_USUARIO`;
DELIMITER //
CREATE DEFINER=`root`@`localhost` PROCEDURE `AS_SP_CONSULTAR_REGISTRO_BITACORA_POR_USUARIO`(
	IN `USUARIO` INT
)
BEGIN 
	SELECT * FROM AS_BITACORA_SISTEMA WHERE ID_USUARIO = USUARIO;
END//
DELIMITER ;

-- Volcando estructura para procedimiento as.AS_SP_CONSULTAR_ROLES
DROP PROCEDURE IF EXISTS `AS_SP_CONSULTAR_ROLES`;
DELIMITER //
CREATE DEFINER=`root`@`localhost` PROCEDURE `AS_SP_CONSULTAR_ROLES`()
BEGIN
SELECT * FROM as_roles_usuarios WHERE ELIMINAR=0;
END//
DELIMITER ;

-- Volcando estructura para procedimiento as.AS_SP_CONSULTAR_ROL_ACCESO
DROP PROCEDURE IF EXISTS `AS_SP_CONSULTAR_ROL_ACCESO`;
DELIMITER //
CREATE DEFINER=`root`@`localhost` PROCEDURE `AS_SP_CONSULTAR_ROL_ACCESO`(
	IN `ROL` INT
)
BEGIN
SELECT * FROM as_rol_permiso_acceso p, as_acceso_sistema a WHERE p.COD_ACCESO = a.PK_COD_ACCESO AND COD_ROL = ROL;
END//
DELIMITER ;

-- Volcando estructura para procedimiento as.AS_SP_CONSULTAR_SEGUIMIENTO
DROP PROCEDURE IF EXISTS `AS_SP_CONSULTAR_SEGUIMIENTO`;
DELIMITER //
CREATE DEFINER=`root`@`localhost` PROCEDURE `AS_SP_CONSULTAR_SEGUIMIENTO`(
	IN `CODIGO` INT
)
BEGIN
SELECT * FROM as_seguimiento_clientes WHERE PK_COD_SEGUIMIENTO = CODIGO AND ELIMINAR = 0;
END//
DELIMITER ;

-- Volcando estructura para procedimiento as.AS_SP_CONSULTAR_SEGUIMIENTOS
DROP PROCEDURE IF EXISTS `AS_SP_CONSULTAR_SEGUIMIENTOS`;
DELIMITER //
CREATE DEFINER=`root`@`localhost` PROCEDURE `AS_SP_CONSULTAR_SEGUIMIENTOS`()
BEGIN
SELECT * FROM as_seguimiento_clientes WHERE ELIMINAR = 0;
END//
DELIMITER ;

-- Volcando estructura para procedimiento as.AS_SP_CONSULTAR_TIPOS_IDENTIFICACIONES
DROP PROCEDURE IF EXISTS `AS_SP_CONSULTAR_TIPOS_IDENTIFICACIONES`;
DELIMITER //
CREATE DEFINER=`root`@`localhost` PROCEDURE `AS_SP_CONSULTAR_TIPOS_IDENTIFICACIONES`()
BEGIN
SELECT * FROM as_tipos_identificaciones;
END//
DELIMITER ;

-- Volcando estructura para procedimiento as.AS_SP_CONSULTAR_TIPO_IDENTIFICACION
DROP PROCEDURE IF EXISTS `AS_SP_CONSULTAR_TIPO_IDENTIFICACION`;
DELIMITER //
CREATE DEFINER=`root`@`localhost` PROCEDURE `AS_SP_CONSULTAR_TIPO_IDENTIFICACION`(IN COD INT)
BEGIN
SELECT * FROM as_tipos_identificaciones WHERE PK_COD_TIPO_IDENTIFICACION = COD;
END//
DELIMITER ;

-- Volcando estructura para procedimiento as.AS_SP_CONSULTAR_TODA_BITACORA
DROP PROCEDURE IF EXISTS `AS_SP_CONSULTAR_TODA_BITACORA`;
DELIMITER //
CREATE DEFINER=`root`@`localhost` PROCEDURE `AS_SP_CONSULTAR_TODA_BITACORA`()
BEGIN
SELECT * FROM as_bitacora_sistema;
END//
DELIMITER ;

-- Volcando estructura para procedimiento as.AS_SP_CONSULTAR_ULTIMA_COTIZACION
DROP PROCEDURE IF EXISTS `AS_SP_CONSULTAR_ULTIMA_COTIZACION`;
DELIMITER //
CREATE DEFINER=`root`@`localhost` PROCEDURE `AS_SP_CONSULTAR_ULTIMA_COTIZACION`()
BEGIN
SELECT * FROM as_cotizaciones ORDER BY PK_COD_COTIZACION DESC LIMIT 1;
END//
DELIMITER ;

-- Volcando estructura para procedimiento as.AS_SP_CONSULTAR_VENTA
DROP PROCEDURE IF EXISTS `AS_SP_CONSULTAR_VENTA`;
DELIMITER //
CREATE DEFINER=`root`@`localhost` PROCEDURE `AS_SP_CONSULTAR_VENTA`(IN AS_COD_VENTA INT)
BEGIN
SELECT
    *
FROM
    AS_VENTAS
WHERE
    PK_COD_VENTA = AS_COD_VENTA;
    END//
DELIMITER ;

-- Volcando estructura para procedimiento as.AS_SP_COTIZACIONES_EXISTENTES
DROP PROCEDURE IF EXISTS `AS_SP_COTIZACIONES_EXISTENTES`;
DELIMITER //
CREATE DEFINER=`root`@`localhost` PROCEDURE `AS_SP_COTIZACIONES_EXISTENTES`()
BEGIN
SELECT * FROM as_cotizaciones CT, as_clientes C WHERE C.PK_COD_CLIENTE = CT.COD_CLIENTE ORDER BY CT.PK_COD_COTIZACION DESC;  
END//
DELIMITER ;

-- Volcando estructura para procedimiento as.AS_SP_DESACTIVAR_USUARIO
DROP PROCEDURE IF EXISTS `AS_SP_DESACTIVAR_USUARIO`;
DELIMITER //
CREATE DEFINER=`root`@`localhost` PROCEDURE `AS_SP_DESACTIVAR_USUARIO`(
	IN `USUARIO` INT
)
BEGIN
UPDATE as_usuarios_sistema SET EST_USUARIO = "INACTIVO" WHERE PK_ID_USUARIO = USUARIO;
END//
DELIMITER ;

-- Volcando estructura para procedimiento as.AS_SP_ELIMINAR_CATEGORIA
DROP PROCEDURE IF EXISTS `AS_SP_ELIMINAR_CATEGORIA`;
DELIMITER //
CREATE DEFINER=`root`@`localhost` PROCEDURE `AS_SP_ELIMINAR_CATEGORIA`(IN COD INT)
BEGIN
DELETE FROM
    as_categoria_material
WHERE
    PK_COD_CATEGORIA = COD;
    END//
DELIMITER ;

-- Volcando estructura para procedimiento as.AS_SP_ELIMINAR_CLIENTES
DROP PROCEDURE IF EXISTS `AS_SP_ELIMINAR_CLIENTES`;
DELIMITER //
CREATE DEFINER=`root`@`localhost` PROCEDURE `AS_SP_ELIMINAR_CLIENTES`(
	IN `CODIGO` INT
)
BEGIN
UPDATE 
    as_clientes SET ELIMINAR = 1
WHERE
    PK_COD_CLIENTE = CODIGO;
    END//
DELIMITER ;

-- Volcando estructura para procedimiento as.AS_SP_ELIMINAR_COMPRA
DROP PROCEDURE IF EXISTS `AS_SP_ELIMINAR_COMPRA`;
DELIMITER //
CREATE DEFINER=`root`@`localhost` PROCEDURE `AS_SP_ELIMINAR_COMPRA`(
	IN `COD` INT
)
BEGIN
DELETE FROM
    AS_COMPRAS
WHERE
    PK_COD_COMPRA = COD;
    END//
DELIMITER ;

-- Volcando estructura para procedimiento as.AS_SP_ELIMINAR_CUENTAS
DROP PROCEDURE IF EXISTS `AS_SP_ELIMINAR_CUENTAS`;
DELIMITER //
CREATE DEFINER=`root`@`localhost` PROCEDURE `AS_SP_ELIMINAR_CUENTAS`(IN CODIGO INT)
BEGIN
DELETE FROM
    AS_CUENTAS_CLIENTES
WHERE
    PK_NO_CUENTA = CODIGO;
    END//
DELIMITER ;

-- Volcando estructura para procedimiento as.AS_SP_ELIMINAR_DETALLE_VENTA
DROP PROCEDURE IF EXISTS `AS_SP_ELIMINAR_DETALLE_VENTA`;
DELIMITER //
CREATE DEFINER=`root`@`localhost` PROCEDURE `AS_SP_ELIMINAR_DETALLE_VENTA`(IN AS_COD_CDV INT)
BEGIN
DELETE FROM
    AS_CUENTAS_DETALLE_VENTAS
WHERE
    PK_COD_CDV = AS_COD_CDV;
    END//
DELIMITER ;

-- Volcando estructura para procedimiento as.AS_SP_ELIMINAR_DIRECCIONES
DROP PROCEDURE IF EXISTS `AS_SP_ELIMINAR_DIRECCIONES`;
DELIMITER //
CREATE DEFINER=`root`@`localhost` PROCEDURE `AS_SP_ELIMINAR_DIRECCIONES`(IN CODIGO INT)
BEGIN
DELETE FROM
    AS_DIRECCIONES_CLIENTES
WHERE
    PK_COD_DIRECCION = CODIGO;
    END//
DELIMITER ;

-- Volcando estructura para procedimiento as.AS_SP_ELIMINAR_EMPLEADO
DROP PROCEDURE IF EXISTS `AS_SP_ELIMINAR_EMPLEADO`;
DELIMITER //
CREATE DEFINER=`root`@`localhost` PROCEDURE `AS_SP_ELIMINAR_EMPLEADO`(
	IN `CODIGO` INT
)
BEGIN
DELETE FROM as_empleados WHERE PK_COD_EMPLEADO = CODIGO;
END//
DELIMITER ;

-- Volcando estructura para procedimiento as.AS_SP_ELIMINAR_INVENTARIO
DROP PROCEDURE IF EXISTS `AS_SP_ELIMINAR_INVENTARIO`;
DELIMITER //
CREATE DEFINER=`root`@`localhost` PROCEDURE `AS_SP_ELIMINAR_INVENTARIO`(IN COD INT)
BEGIN
UPDATE
    as_inventario_materiales SET ELIMINAR = 1
WHERE
    PK_COD_MATERIAL = COD;
END//
DELIMITER ;

-- Volcando estructura para procedimiento as.AS_SP_ELIMINAR_METODOP
DROP PROCEDURE IF EXISTS `AS_SP_ELIMINAR_METODOP`;
DELIMITER //
CREATE DEFINER=`root`@`localhost` PROCEDURE `AS_SP_ELIMINAR_METODOP`(IN COD INT)
BEGIN
DELETE FROM
    as_metodos_pagos
WHERE
    PK_COD_METODO_PAGO = COD;
    END//
DELIMITER ;

-- Volcando estructura para procedimiento as.AS_SP_ELIMINAR_METODOS_PAGO
DROP PROCEDURE IF EXISTS `AS_SP_ELIMINAR_METODOS_PAGO`;
DELIMITER //
CREATE DEFINER=`root`@`localhost` PROCEDURE `AS_SP_ELIMINAR_METODOS_PAGO`(IN AS_COD_METODO_PAGO INT)
BEGIN
DELETE FROM
    AS_METODOS_PAGOS
WHERE
    PK_COD_METODO_PAGO = AS_COD_METODO_PAGO;
    END//
DELIMITER ;

-- Volcando estructura para procedimiento as.AS_SP_ELIMINAR_ORDEN_MATERIAL
DROP PROCEDURE IF EXISTS `AS_SP_ELIMINAR_ORDEN_MATERIAL`;
DELIMITER //
CREATE DEFINER=`root`@`localhost` PROCEDURE `AS_SP_ELIMINAR_ORDEN_MATERIAL`(IN AS_COD_ODM INT)
BEGIN
DELETE FROM
    AS_ORDENES_DETALLE_MATERIAL
WHERE
    PK_COD_ODM = AS_COD_ODM;
    END//
DELIMITER ;

-- Volcando estructura para procedimiento as.AS_SP_ELIMINAR_ORDEN_TRABAJO
DROP PROCEDURE IF EXISTS `AS_SP_ELIMINAR_ORDEN_TRABAJO`;
DELIMITER //
CREATE DEFINER=`root`@`localhost` PROCEDURE `AS_SP_ELIMINAR_ORDEN_TRABAJO`(IN AS_COD_ORDEN_TRABAJO INT)
BEGIN
DELETE FROM
    AS_ORDENES_TRABAJO
WHERE
    PK_COD_ORDEN_TRABAJO = AS_COD_ORDEN_TRABAJO;
    END//
DELIMITER ;

-- Volcando estructura para procedimiento as.AS_SP_ELIMINAR_PROVEEDOR
DROP PROCEDURE IF EXISTS `AS_SP_ELIMINAR_PROVEEDOR`;
DELIMITER //
CREATE DEFINER=`root`@`localhost` PROCEDURE `AS_SP_ELIMINAR_PROVEEDOR`(
	IN `COD` INT
)
BEGIN
DELETE FROM
    AS_PROVEEDORES
WHERE
    PK_COD_PROVEEDOR = COD;
    END//
DELIMITER ;

-- Volcando estructura para procedimiento as.AS_SP_ELIMINAR_ROL
DROP PROCEDURE IF EXISTS `AS_SP_ELIMINAR_ROL`;
DELIMITER //
CREATE DEFINER=`root`@`localhost` PROCEDURE `AS_SP_ELIMINAR_ROL`(
	IN `CODIGO` INT,
	IN `USUARIO` INT
)
BEGIN
UPDATE as_roles_usuarios SET ELIMINAR = 1 WHERE PK_COD_ROL = CODIGO;
INSERT INTO as_bitacora_sistema VALUES (NULL, USUARIO, "ELIMINAR ROL", "SE HA ELIMINADO UN ROL DE USUARIO", CURRENT_DATE(), CURRENT_TIME());
END//
DELIMITER ;

-- Volcando estructura para procedimiento as.AS_SP_ELIMINAR_SEGUIMIENTO
DROP PROCEDURE IF EXISTS `AS_SP_ELIMINAR_SEGUIMIENTO`;
DELIMITER //
CREATE DEFINER=`root`@`localhost` PROCEDURE `AS_SP_ELIMINAR_SEGUIMIENTO`(
	IN `CODIGO` INT
)
BEGIN
UPDATE as_seguimiento_clientes SET ELIMINAR = 1 WHERE PK_COD_SEGUIMIENTO = CODIGO;
END//
DELIMITER ;

-- Volcando estructura para procedimiento as.AS_SP_ELIMINAR_TIPOS_IDENTIFICACIONES
DROP PROCEDURE IF EXISTS `AS_SP_ELIMINAR_TIPOS_IDENTIFICACIONES`;
DELIMITER //
CREATE DEFINER=`root`@`localhost` PROCEDURE `AS_SP_ELIMINAR_TIPOS_IDENTIFICACIONES`(IN CODIGO INT)
BEGIN
DELETE FROM
    AS_TIPOS_IDENTIFICACIONES
WHERE
    PK_COD_TIPO_IDENTIFICACION = CODIGO;
    END//
DELIMITER ;

-- Volcando estructura para procedimiento as.AS_SP_ELIMINAR_VENTA
DROP PROCEDURE IF EXISTS `AS_SP_ELIMINAR_VENTA`;
DELIMITER //
CREATE DEFINER=`root`@`localhost` PROCEDURE `AS_SP_ELIMINAR_VENTA`(IN AS_COD_VENTA INT)
BEGIN
DELETE FROM
    AS_VENTAS
WHERE
    PK_COD_VENTA = AS_COD_VENTA;
    END//
DELIMITER ;

-- Volcando estructura para procedimiento as.AS_SP_INFO_USUARIOS
DROP PROCEDURE IF EXISTS `AS_SP_INFO_USUARIOS`;
DELIMITER //
CREATE DEFINER=`root`@`localhost` PROCEDURE `AS_SP_INFO_USUARIOS`()
BEGIN
SELECT * FROM as_empleados e, as_usuarios_sistema u WHERE e.PK_COD_EMPLEADO = u.ID_EMPLEADO;
END//
DELIMITER ;

-- Volcando estructura para procedimiento as.AS_SP_INGRESO_USUARIO
DROP PROCEDURE IF EXISTS `AS_SP_INGRESO_USUARIO`;
DELIMITER //
CREATE DEFINER=`root`@`localhost` PROCEDURE `AS_SP_INGRESO_USUARIO`(
	IN `USUARIO` VARCHAR(50)
)
BEGIN
SELECT * FROM as_usuarios_sistema WHERE NOM_USUARIO = USUARIO;
END//
DELIMITER ;

-- Volcando estructura para procedimiento as.AS_SP_NUEVA_CLAVE
DROP PROCEDURE IF EXISTS `AS_SP_NUEVA_CLAVE`;
DELIMITER //
CREATE DEFINER=`root`@`localhost` PROCEDURE `AS_SP_NUEVA_CLAVE`(
	IN `PASS` TEXT,
	IN `COD` INT
)
BEGIN
UPDATE as_usuarios_sistema SET PASS_USUARIO = PASS WHERE PK_ID_USUARIO = COD;
END//
DELIMITER ;

-- Volcando estructura para procedimiento as.AS_SP_OBTENER_USUARIOS
DROP PROCEDURE IF EXISTS `AS_SP_OBTENER_USUARIOS`;
DELIMITER //
CREATE DEFINER=`root`@`localhost` PROCEDURE `AS_SP_OBTENER_USUARIOS`()
BEGIN
SELECT * FROM as_usuarios_sistema;
END//
DELIMITER ;

-- Volcando estructura para procedimiento as.AS_SP_OTORGAR_PERMISO
DROP PROCEDURE IF EXISTS `AS_SP_OTORGAR_PERMISO`;
DELIMITER //
CREATE DEFINER=`root`@`localhost` PROCEDURE `AS_SP_OTORGAR_PERMISO`(IN USUARIO INT, IN ACCESO INT)
BEGIN 
	INSERT INTO AS_ACCESO_PERMISO_USUARIO VALUES (NULL, USUARIO, ACCESO);
END//
DELIMITER ;

-- Volcando estructura para procedimiento as.AS_SP_REGISTRAR_COMPRA
DROP PROCEDURE IF EXISTS `AS_SP_REGISTRAR_COMPRA`;
DELIMITER //
CREATE DEFINER=`root`@`localhost` PROCEDURE `AS_SP_REGISTRAR_COMPRA`(
	IN `FACTURA` VARCHAR(25),
	IN `PROVEEDOR` INT,
	IN `FECHA` DATE,
	IN `SUBTOTAL` DECIMAL(7,2),
	IN `DESCUENTO` DECIMAL(7,2),
	IN `ISV` DECIMAL(7,2),
	IN `TOTAL` DECIMAL(7,2)
)
BEGIN
INSERT INTO as_compras VALUES (NULL, FACTURA, PROVEEDOR, FECHA, SUBTOTAL, DESCUENTO, ISV, TOTAL);
END//
DELIMITER ;

-- Volcando estructura para procedimiento as.AS_SP_REGISTRAR_INGRESO_MATERIAL
DROP PROCEDURE IF EXISTS `AS_SP_REGISTRAR_INGRESO_MATERIAL`;
DELIMITER //
CREATE DEFINER=`root`@`localhost` PROCEDURE `AS_SP_REGISTRAR_INGRESO_MATERIAL`(
	IN `CODIGO` INT,
	IN `CANTIDAD` INT,
	IN `USUARIO` INT
)
BEGIN
UPDATE as_inventario_materiales SET EXISTENCIAS = (EXISTENCIAS + CANTIDAD) WHERE PK_COD_MATERIAL = CODIGO;
INSERT INTO as_bitacora_sistema VALUES (NULL, USUARIO, "ACTUALIZACIÓN DE EXISTENCIAS", "SE HA REGISTRADO UN INGRESO DE MATERIAL AL INVENTARIO" , CURRENT_DATE(), CURRENT_TIME());
END//
DELIMITER ;

-- Volcando estructura para procedimiento as.AS_SP_REGISTRAR_SEGUIMIENTO
DROP PROCEDURE IF EXISTS `AS_SP_REGISTRAR_SEGUIMIENTO`;
DELIMITER //
CREATE DEFINER=`root`@`localhost` PROCEDURE `AS_SP_REGISTRAR_SEGUIMIENTO`(
	IN `ID_VENTA` INT,
	IN `ID_CLIENTE` INT,
	IN `DETALLE` TEXT,
	IN `CALIFICACION` INT
)
BEGIN
 INSERT INTO as_seguimiento_clientes VALUES (NULL, ID_VENTA, ID_CLIENTE, CURRENT_DATE() , DETALLE, CALIFICACION, 0);
END//
DELIMITER ;

-- Volcando estructura para procedimiento as.AS_SP_ULTIMO_EMPLEADO
DROP PROCEDURE IF EXISTS `AS_SP_ULTIMO_EMPLEADO`;
DELIMITER //
CREATE DEFINER=`root`@`localhost` PROCEDURE `AS_SP_ULTIMO_EMPLEADO`()
BEGIN
SELECT * FROM as_empleados ORDER BY PK_COD_EMPLEADO DESC LIMIT 1;
END//
DELIMITER ;

-- Volcando estructura para procedimiento as.AS_SP_ULTIMO_ROL_AGREGADO
DROP PROCEDURE IF EXISTS `AS_SP_ULTIMO_ROL_AGREGADO`;
DELIMITER //
CREATE DEFINER=`root`@`localhost` PROCEDURE `AS_SP_ULTIMO_ROL_AGREGADO`()
BEGIN
SELECT * FROM as_roles_usuarios ORDER BY PK_COD_ROL DESC LIMIT 1;
END//
DELIMITER ;

-- Volcando estructura para procedimiento as.AS_SP_ULTIMO_USUARIO
DROP PROCEDURE IF EXISTS `AS_SP_ULTIMO_USUARIO`;
DELIMITER //
CREATE DEFINER=`root`@`localhost` PROCEDURE `AS_SP_ULTIMO_USUARIO`()
BEGIN
SELECT * FROM as_usuarios_sistema ORDER BY PK_ID_USUARIO DESC LIMIT 1;  
END//
DELIMITER ;

/*!40101 SET SQL_MODE=IFNULL(@OLD_SQL_MODE, '') */;
/*!40014 SET FOREIGN_KEY_CHECKS=IFNULL(@OLD_FOREIGN_KEY_CHECKS, 1) */;
/*!40101 SET CHARACTER_SET_CLIENT=@OLD_CHARACTER_SET_CLIENT */;
/*!40111 SET SQL_NOTES=IFNULL(@OLD_SQL_NOTES, 1) */;
