-- --------------------------------------------------------
-- Host:                         127.0.0.1
-- Versión del servidor:         5.7.33 - MySQL Community Server (GPL)
-- SO del servidor:              Win64
-- HeidiSQL Versión:             11.2.0.6213
-- --------------------------------------------------------

/*!40101 SET @OLD_CHARACTER_SET_CLIENT=@@CHARACTER_SET_CLIENT */;
/*!40101 SET NAMES utf8 */;
/*!50503 SET NAMES utf8mb4 */;
/*!40014 SET @OLD_FOREIGN_KEY_CHECKS=@@FOREIGN_KEY_CHECKS, FOREIGN_KEY_CHECKS=0 */;
/*!40101 SET @OLD_SQL_MODE=@@SQL_MODE, SQL_MODE='NO_AUTO_VALUE_ON_ZERO' */;
/*!40111 SET @OLD_SQL_NOTES=@@SQL_NOTES, SQL_NOTES=0 */;


-- Volcando estructura de base de datos para as
DROP DATABASE IF EXISTS `as`;
CREATE DATABASE IF NOT EXISTS `as` /*!40100 DEFAULT CHARACTER SET utf8 COLLATE utf8_spanish2_ci */;
USE `as`;

-- Volcando estructura para tabla as.as_acceso_permiso_usuario
DROP TABLE IF EXISTS `as_acceso_permiso_usuario`;
CREATE TABLE IF NOT EXISTS `as_acceso_permiso_usuario` (
  `PK_COD_PERMISO` int(11) NOT NULL AUTO_INCREMENT COMMENT 'CODIGO IDENTIFICADOR ÚNICO DE LA TABLA [ABR:CODAPUSU]',
  `ID_USUARIO` int(11) NOT NULL COMMENT 'IDENTIFIADOR DEL USUARIO AL QUE PERTENECE EL PERMISO',
  `COD_ACCESO_SISTEMA` int(11) NOT NULL COMMENT 'CODIGO IDENTIFICADOR ÚNICO DE ACCESO AL SISTEMA',
  PRIMARY KEY (`PK_COD_PERMISO`),
  KEY `IDX_ACSPERMSUSU_2` (`ID_USUARIO`),
  KEY `IDX_ACSPERMSUSU_1` (`COD_ACCESO_SISTEMA`),
  CONSTRAINT `FK_ACSPERMSUSU_ACCESSISTEM` FOREIGN KEY (`COD_ACCESO_SISTEMA`) REFERENCES `as_acceso_sistema` (`PK_COD_ACCESO`) ON DELETE CASCADE ON UPDATE CASCADE,
  CONSTRAINT `FK_ACSPERMSUSU_USUARIOSSTM` FOREIGN KEY (`ID_USUARIO`) REFERENCES `as_usuarios_sistema` (`PK_ID_USUARIO`) ON DELETE CASCADE ON UPDATE CASCADE
) ENGINE=InnoDB AUTO_INCREMENT=31 DEFAULT CHARSET=utf8 COLLATE=utf8_spanish2_ci COMMENT='TABLA CON EL REGISTRO DE TODOS LOS PERMISOS OTORGADOS A LOS USUARIOS [ABR:ACSPERMSUSU]';

-- Volcando datos para la tabla as.as_acceso_permiso_usuario: ~28 rows (aproximadamente)
/*!40000 ALTER TABLE `as_acceso_permiso_usuario` DISABLE KEYS */;
INSERT INTO `as_acceso_permiso_usuario` (`PK_COD_PERMISO`, `ID_USUARIO`, `COD_ACCESO_SISTEMA`) VALUES
	(2, 3, 1000);
INSERT INTO `as_acceso_permiso_usuario` (`PK_COD_PERMISO`, `ID_USUARIO`, `COD_ACCESO_SISTEMA`) VALUES
	(3, 3, 1001);
INSERT INTO `as_acceso_permiso_usuario` (`PK_COD_PERMISO`, `ID_USUARIO`, `COD_ACCESO_SISTEMA`) VALUES
	(4, 3, 1006);
INSERT INTO `as_acceso_permiso_usuario` (`PK_COD_PERMISO`, `ID_USUARIO`, `COD_ACCESO_SISTEMA`) VALUES
	(5, 3, 1007);
INSERT INTO `as_acceso_permiso_usuario` (`PK_COD_PERMISO`, `ID_USUARIO`, `COD_ACCESO_SISTEMA`) VALUES
	(6, 3, 1005);
INSERT INTO `as_acceso_permiso_usuario` (`PK_COD_PERMISO`, `ID_USUARIO`, `COD_ACCESO_SISTEMA`) VALUES
	(8, 7, 1000);
INSERT INTO `as_acceso_permiso_usuario` (`PK_COD_PERMISO`, `ID_USUARIO`, `COD_ACCESO_SISTEMA`) VALUES
	(9, 8, 1006);
INSERT INTO `as_acceso_permiso_usuario` (`PK_COD_PERMISO`, `ID_USUARIO`, `COD_ACCESO_SISTEMA`) VALUES
	(10, 9, 1006);
INSERT INTO `as_acceso_permiso_usuario` (`PK_COD_PERMISO`, `ID_USUARIO`, `COD_ACCESO_SISTEMA`) VALUES
	(11, 10, 1000);
INSERT INTO `as_acceso_permiso_usuario` (`PK_COD_PERMISO`, `ID_USUARIO`, `COD_ACCESO_SISTEMA`) VALUES
	(12, 10, 1001);
INSERT INTO `as_acceso_permiso_usuario` (`PK_COD_PERMISO`, `ID_USUARIO`, `COD_ACCESO_SISTEMA`) VALUES
	(13, 10, 1002);
INSERT INTO `as_acceso_permiso_usuario` (`PK_COD_PERMISO`, `ID_USUARIO`, `COD_ACCESO_SISTEMA`) VALUES
	(14, 10, 1003);
INSERT INTO `as_acceso_permiso_usuario` (`PK_COD_PERMISO`, `ID_USUARIO`, `COD_ACCESO_SISTEMA`) VALUES
	(15, 10, 1004);
INSERT INTO `as_acceso_permiso_usuario` (`PK_COD_PERMISO`, `ID_USUARIO`, `COD_ACCESO_SISTEMA`) VALUES
	(16, 10, 1005);
INSERT INTO `as_acceso_permiso_usuario` (`PK_COD_PERMISO`, `ID_USUARIO`, `COD_ACCESO_SISTEMA`) VALUES
	(17, 10, 1006);
INSERT INTO `as_acceso_permiso_usuario` (`PK_COD_PERMISO`, `ID_USUARIO`, `COD_ACCESO_SISTEMA`) VALUES
	(18, 10, 1007);
INSERT INTO `as_acceso_permiso_usuario` (`PK_COD_PERMISO`, `ID_USUARIO`, `COD_ACCESO_SISTEMA`) VALUES
	(19, 10, 1008);
INSERT INTO `as_acceso_permiso_usuario` (`PK_COD_PERMISO`, `ID_USUARIO`, `COD_ACCESO_SISTEMA`) VALUES
	(20, 11, 1000);
INSERT INTO `as_acceso_permiso_usuario` (`PK_COD_PERMISO`, `ID_USUARIO`, `COD_ACCESO_SISTEMA`) VALUES
	(21, 11, 1001);
INSERT INTO `as_acceso_permiso_usuario` (`PK_COD_PERMISO`, `ID_USUARIO`, `COD_ACCESO_SISTEMA`) VALUES
	(22, 11, 1002);
INSERT INTO `as_acceso_permiso_usuario` (`PK_COD_PERMISO`, `ID_USUARIO`, `COD_ACCESO_SISTEMA`) VALUES
	(23, 11, 1003);
INSERT INTO `as_acceso_permiso_usuario` (`PK_COD_PERMISO`, `ID_USUARIO`, `COD_ACCESO_SISTEMA`) VALUES
	(24, 11, 1004);
INSERT INTO `as_acceso_permiso_usuario` (`PK_COD_PERMISO`, `ID_USUARIO`, `COD_ACCESO_SISTEMA`) VALUES
	(25, 11, 1005);
INSERT INTO `as_acceso_permiso_usuario` (`PK_COD_PERMISO`, `ID_USUARIO`, `COD_ACCESO_SISTEMA`) VALUES
	(26, 11, 1006);
INSERT INTO `as_acceso_permiso_usuario` (`PK_COD_PERMISO`, `ID_USUARIO`, `COD_ACCESO_SISTEMA`) VALUES
	(27, 11, 1007);
INSERT INTO `as_acceso_permiso_usuario` (`PK_COD_PERMISO`, `ID_USUARIO`, `COD_ACCESO_SISTEMA`) VALUES
	(28, 11, 1008);
INSERT INTO `as_acceso_permiso_usuario` (`PK_COD_PERMISO`, `ID_USUARIO`, `COD_ACCESO_SISTEMA`) VALUES
	(29, 12, 1002);
INSERT INTO `as_acceso_permiso_usuario` (`PK_COD_PERMISO`, `ID_USUARIO`, `COD_ACCESO_SISTEMA`) VALUES
	(30, 3, 1003);
/*!40000 ALTER TABLE `as_acceso_permiso_usuario` ENABLE KEYS */;

-- Volcando estructura para tabla as.as_acceso_sistema
DROP TABLE IF EXISTS `as_acceso_sistema`;
CREATE TABLE IF NOT EXISTS `as_acceso_sistema` (
  `PK_COD_ACCESO` int(11) NOT NULL COMMENT 'CODIGO UNICO DE CADA ACCESO [ABR:CODACSSTM]',
  `NOM_ACCESO` varchar(75) COLLATE utf8_spanish2_ci NOT NULL COMMENT 'NOMBRE DESCRIPTIVO DE CADA ACCESO',
  `DET_ACCESO` text COLLATE utf8_spanish2_ci COMMENT 'DETALLES DE LAS CAPACIDADES DEL ACCESO',
  PRIMARY KEY (`PK_COD_ACCESO`)
) ENGINE=InnoDB DEFAULT CHARSET=utf8 COLLATE=utf8_spanish2_ci COMMENT='TABLA CON LOS REGISTROS DE TODAS LAS ACCIONES REALIZADAS POR LOS USUARIOS EN EL SISTEMA [ABR:ACCESSISTEM]';

-- Volcando datos para la tabla as.as_acceso_sistema: ~9 rows (aproximadamente)
/*!40000 ALTER TABLE `as_acceso_sistema` DISABLE KEYS */;
INSERT INTO `as_acceso_sistema` (`PK_COD_ACCESO`, `NOM_ACCESO`, `DET_ACCESO`) VALUES
	(1000, 'INVENTARIO', NULL);
INSERT INTO `as_acceso_sistema` (`PK_COD_ACCESO`, `NOM_ACCESO`, `DET_ACCESO`) VALUES
	(1001, 'CLIENTES', NULL);
INSERT INTO `as_acceso_sistema` (`PK_COD_ACCESO`, `NOM_ACCESO`, `DET_ACCESO`) VALUES
	(1002, 'SERVICIO AL CLIENTE', NULL);
INSERT INTO `as_acceso_sistema` (`PK_COD_ACCESO`, `NOM_ACCESO`, `DET_ACCESO`) VALUES
	(1003, 'COMPRAS', NULL);
INSERT INTO `as_acceso_sistema` (`PK_COD_ACCESO`, `NOM_ACCESO`, `DET_ACCESO`) VALUES
	(1004, 'MATERIALES', NULL);
INSERT INTO `as_acceso_sistema` (`PK_COD_ACCESO`, `NOM_ACCESO`, `DET_ACCESO`) VALUES
	(1005, 'COTIZACIONES', NULL);
INSERT INTO `as_acceso_sistema` (`PK_COD_ACCESO`, `NOM_ACCESO`, `DET_ACCESO`) VALUES
	(1006, 'USUARIOS', NULL);
INSERT INTO `as_acceso_sistema` (`PK_COD_ACCESO`, `NOM_ACCESO`, `DET_ACCESO`) VALUES
	(1007, 'ORDEN DE TRABAJO', NULL);
INSERT INTO `as_acceso_sistema` (`PK_COD_ACCESO`, `NOM_ACCESO`, `DET_ACCESO`) VALUES
	(1008, 'VENTAS', NULL);
/*!40000 ALTER TABLE `as_acceso_sistema` ENABLE KEYS */;

-- Volcando estructura para tabla as.as_bitacora_sistema
DROP TABLE IF EXISTS `as_bitacora_sistema`;
CREATE TABLE IF NOT EXISTS `as_bitacora_sistema` (
  `PK_COD_BITACORA` int(11) NOT NULL AUTO_INCREMENT COMMENT 'CODIGO DE LA ACCION REALIZADA EN EL SISTEMA [ABR:CODBISTM]',
  `ID_USUARIO` int(11) NOT NULL COMMENT 'IDENTIFICADOR DEL USUARIO QUE REALIZO LA ACCIÓN',
  `NOM_ACCION` varchar(150) COLLATE utf8_spanish2_ci NOT NULL COMMENT 'NOMBRE BREVE DE LA ACCIÓN REALIZADA',
  `DET_BITACORA_SISTEMA` text COLLATE utf8_spanish2_ci COMMENT 'DESCRIPCIÓN COMPLETA DE LA ACCIÓN REALIZADA',
  `FEC_ACCION` date NOT NULL COMMENT 'FECHA EN QUE SE REALIZO DICHA ACCIÓN',
  `HORA_ACCION` time NOT NULL COMMENT 'HORA EN QUE SE REALIZO DICHA ACCIÓN',
  PRIMARY KEY (`PK_COD_BITACORA`),
  KEY `IDX_BITCRSISTEM_1` (`ID_USUARIO`),
  CONSTRAINT `FK_BITCRSISTEM_USUARIOSSTM` FOREIGN KEY (`ID_USUARIO`) REFERENCES `as_usuarios_sistema` (`PK_ID_USUARIO`) ON DELETE CASCADE ON UPDATE CASCADE
) ENGINE=InnoDB AUTO_INCREMENT=15 DEFAULT CHARSET=utf8 COLLATE=utf8_spanish2_ci COMMENT='TABLA CON LOS REGISTROS DE TODAS LAS ACCIONES REALIZADAS POR LOS USUARIOS EN EL SISTEMA [ABR:BITCRSISTEM]';

-- Volcando datos para la tabla as.as_bitacora_sistema: ~14 rows (aproximadamente)
/*!40000 ALTER TABLE `as_bitacora_sistema` DISABLE KEYS */;
INSERT INTO `as_bitacora_sistema` (`PK_COD_BITACORA`, `ID_USUARIO`, `NOM_ACCION`, `DET_BITACORA_SISTEMA`, `FEC_ACCION`, `HORA_ACCION`) VALUES
	(1, 1, 'REGISTRO DE NUEVO USUARIO', 'SE HA REGISTADO UN NUEVO USUARIO EN EL SISTEMA', '2022-02-27', '18:06:31');
INSERT INTO `as_bitacora_sistema` (`PK_COD_BITACORA`, `ID_USUARIO`, `NOM_ACCION`, `DET_BITACORA_SISTEMA`, `FEC_ACCION`, `HORA_ACCION`) VALUES
	(2, 1, 'REGISTRO DE NUEVO USUARIO', 'SE HA REGISTADO UN NUEVO USUARIO EN EL SISTEMA', '2022-02-27', '18:06:53');
INSERT INTO `as_bitacora_sistema` (`PK_COD_BITACORA`, `ID_USUARIO`, `NOM_ACCION`, `DET_BITACORA_SISTEMA`, `FEC_ACCION`, `HORA_ACCION`) VALUES
	(3, 1, 'SE AGREGADO ALGO', 'ESTE ES UN DETALLE DE ALGO', '2022-02-28', '21:43:02');
INSERT INTO `as_bitacora_sistema` (`PK_COD_BITACORA`, `ID_USUARIO`, `NOM_ACCION`, `DET_BITACORA_SISTEMA`, `FEC_ACCION`, `HORA_ACCION`) VALUES
	(4, 1, 'SE AGREGADO ALGO', 'ESTE ES UN DETALLE DE ALGO', '2022-02-28', '21:45:29');
INSERT INTO `as_bitacora_sistema` (`PK_COD_BITACORA`, `ID_USUARIO`, `NOM_ACCION`, `DET_BITACORA_SISTEMA`, `FEC_ACCION`, `HORA_ACCION`) VALUES
	(5, 1, 'Nuevo registro', 'Se ha agregado un registro a la bitacora', '2022-03-13', '16:18:21');
INSERT INTO `as_bitacora_sistema` (`PK_COD_BITACORA`, `ID_USUARIO`, `NOM_ACCION`, `DET_BITACORA_SISTEMA`, `FEC_ACCION`, `HORA_ACCION`) VALUES
	(6, 1, 'Nuevo registro', 'Se ha agregado un registro a la bitacora', '2022-03-17', '18:21:58');
INSERT INTO `as_bitacora_sistema` (`PK_COD_BITACORA`, `ID_USUARIO`, `NOM_ACCION`, `DET_BITACORA_SISTEMA`, `FEC_ACCION`, `HORA_ACCION`) VALUES
	(7, 3, 'REGISTRO DE NUEVO USUARIO', 'SE HA REGISTADO UN NUEVO USUARIO EN EL SISTEMA', '2022-04-17', '04:01:42');
INSERT INTO `as_bitacora_sistema` (`PK_COD_BITACORA`, `ID_USUARIO`, `NOM_ACCION`, `DET_BITACORA_SISTEMA`, `FEC_ACCION`, `HORA_ACCION`) VALUES
	(8, 3, 'REGISTRO DE NUEVO USUARIO', 'SE HA REGISTADO UN NUEVO USUARIO EN EL SISTEMA', '2022-04-17', '04:06:39');
INSERT INTO `as_bitacora_sistema` (`PK_COD_BITACORA`, `ID_USUARIO`, `NOM_ACCION`, `DET_BITACORA_SISTEMA`, `FEC_ACCION`, `HORA_ACCION`) VALUES
	(9, 3, 'REGISTRO DE NUEVO USUARIO', 'SE HA REGISTADO UN NUEVO USUARIO EN EL SISTEMA', '2022-04-17', '04:20:50');
INSERT INTO `as_bitacora_sistema` (`PK_COD_BITACORA`, `ID_USUARIO`, `NOM_ACCION`, `DET_BITACORA_SISTEMA`, `FEC_ACCION`, `HORA_ACCION`) VALUES
	(10, 3, 'REGISTRO DE NUEVO USUARIO', 'SE HA REGISTADO UN NUEVO USUARIO EN EL SISTEMA', '2022-04-17', '04:24:44');
INSERT INTO `as_bitacora_sistema` (`PK_COD_BITACORA`, `ID_USUARIO`, `NOM_ACCION`, `DET_BITACORA_SISTEMA`, `FEC_ACCION`, `HORA_ACCION`) VALUES
	(11, 3, 'REGISTRO DE NUEVO USUARIO', 'SE HA REGISTADO UN NUEVO USUARIO EN EL SISTEMA', '2022-04-17', '04:34:53');
INSERT INTO `as_bitacora_sistema` (`PK_COD_BITACORA`, `ID_USUARIO`, `NOM_ACCION`, `DET_BITACORA_SISTEMA`, `FEC_ACCION`, `HORA_ACCION`) VALUES
	(12, 3, 'REGISTRO DE NUEVO USUARIO', 'SE HA REGISTADO UN NUEVO USUARIO EN EL SISTEMA', '2022-04-17', '04:40:19');
INSERT INTO `as_bitacora_sistema` (`PK_COD_BITACORA`, `ID_USUARIO`, `NOM_ACCION`, `DET_BITACORA_SISTEMA`, `FEC_ACCION`, `HORA_ACCION`) VALUES
	(13, 3, 'REGISTRO DE NUEVO USUARIO', 'SE HA REGISTADO UN NUEVO USUARIO EN EL SISTEMA', '2022-04-17', '04:41:39');
INSERT INTO `as_bitacora_sistema` (`PK_COD_BITACORA`, `ID_USUARIO`, `NOM_ACCION`, `DET_BITACORA_SISTEMA`, `FEC_ACCION`, `HORA_ACCION`) VALUES
	(14, 3, 'REGISTRO DE NUEVO USUARIO', 'SE HA REGISTADO UN NUEVO USUARIO EN EL SISTEMA', '2022-04-17', '05:17:36');
/*!40000 ALTER TABLE `as_bitacora_sistema` ENABLE KEYS */;

-- Volcando estructura para tabla as.as_catalogo
DROP TABLE IF EXISTS `as_catalogo`;
CREATE TABLE IF NOT EXISTS `as_catalogo` (
  `PK_COD_PRODUCTO` int(11) NOT NULL AUTO_INCREMENT,
  `NOMBRE` varchar(50) COLLATE utf8_spanish2_ci DEFAULT NULL,
  `DETALLE` text COLLATE utf8_spanish2_ci NOT NULL,
  `IMAGEN` varchar(50) COLLATE utf8_spanish2_ci NOT NULL,
  `PRECIO` decimal(7,2) DEFAULT NULL,
  `ELIMINAR` int(1) DEFAULT NULL,
  PRIMARY KEY (`PK_COD_PRODUCTO`)
) ENGINE=InnoDB AUTO_INCREMENT=30 DEFAULT CHARSET=utf8 COLLATE=utf8_spanish2_ci;

-- Volcando datos para la tabla as.as_catalogo: ~9 rows (aproximadamente)
/*!40000 ALTER TABLE `as_catalogo` DISABLE KEYS */;
INSERT INTO `as_catalogo` (`PK_COD_PRODUCTO`, `NOMBRE`, `DETALLE`, `IMAGEN`, `PRECIO`, `ELIMINAR`) VALUES
	(21, 'PRODUCTO PERSONALIZADO 1', 'DETALLE DE PRODUCTO 1', 'NINGUNA', 100.00, 0);
INSERT INTO `as_catalogo` (`PK_COD_PRODUCTO`, `NOMBRE`, `DETALLE`, `IMAGEN`, `PRECIO`, `ELIMINAR`) VALUES
	(22, 'PRODUCTO PERSONALIZADO 2', 'DETALLE DE PRODUCTO', 'views/img/default-150x150.png', 50.40, 0);
INSERT INTO `as_catalogo` (`PK_COD_PRODUCTO`, `NOMBRE`, `DETALLE`, `IMAGEN`, `PRECIO`, `ELIMINAR`) VALUES
	(23, 'PRODUCTO PERSONALIZADO 3', 'DETALLE DE PRODUCTO', 'views/img/default-150x150.png', 68.50, 0);
INSERT INTO `as_catalogo` (`PK_COD_PRODUCTO`, `NOMBRE`, `DETALLE`, `IMAGEN`, `PRECIO`, `ELIMINAR`) VALUES
	(24, 'PRODUCTO PERSONALIZADO 4', 'DETALLE DE PRODUCTO', 'views/img/default-150x150.png', 63.20, 0);
INSERT INTO `as_catalogo` (`PK_COD_PRODUCTO`, `NOMBRE`, `DETALLE`, `IMAGEN`, `PRECIO`, `ELIMINAR`) VALUES
	(25, 'PRODUCTO PERSONALIZADO 5', 'DETALLES DEL PRODUCTO', 'views/img/default-150x150.png', 120.60, 0);
INSERT INTO `as_catalogo` (`PK_COD_PRODUCTO`, `NOMBRE`, `DETALLE`, `IMAGEN`, `PRECIO`, `ELIMINAR`) VALUES
	(26, 'PRODUCTO PERSONALIZADO 6', 'DETALLES DE PRODUCTO', 'views/img/default-150x150.png', 700.50, 0);
INSERT INTO `as_catalogo` (`PK_COD_PRODUCTO`, `NOMBRE`, `DETALLE`, `IMAGEN`, `PRECIO`, `ELIMINAR`) VALUES
	(27, 'PRODUCTO PERSONALIZADO 7', 'DETALLES', 'views/img/default-150x150.png', 90.40, 0);
INSERT INTO `as_catalogo` (`PK_COD_PRODUCTO`, `NOMBRE`, `DETALLE`, `IMAGEN`, `PRECIO`, `ELIMINAR`) VALUES
	(28, 'PRODUCTO 1', 'DETALLES', 'views/img/default-150x150.png', 100.00, 0);
INSERT INTO `as_catalogo` (`PK_COD_PRODUCTO`, `NOMBRE`, `DETALLE`, `IMAGEN`, `PRECIO`, `ELIMINAR`) VALUES
	(29, 'PRODUCTO PERSONALIZADO 304', 'DETALLE DE PRODUCTO PRODUCTO', 'views/img/default-150x150.png', 78.00, 0);
/*!40000 ALTER TABLE `as_catalogo` ENABLE KEYS */;

-- Volcando estructura para tabla as.as_categoria_material
DROP TABLE IF EXISTS `as_categoria_material`;
CREATE TABLE IF NOT EXISTS `as_categoria_material` (
  `PK_COD_CATEGORIA` int(11) NOT NULL AUTO_INCREMENT COMMENT 'CODIGO UNICO DE CADA REGISTRO',
  `NOM_CATEGORIA` varchar(45) COLLATE utf8_spanish2_ci NOT NULL COMMENT 'NOMBRE DE LA CATEGORIA',
  `DET_CATEGORIA` text COLLATE utf8_spanish2_ci COMMENT 'DETALLE DE LA CATEGORIA',
  PRIMARY KEY (`PK_COD_CATEGORIA`)
) ENGINE=InnoDB AUTO_INCREMENT=5 DEFAULT CHARSET=utf8 COLLATE=utf8_spanish2_ci COMMENT='TABLA QUE REGISTRA LAS CATEGORIAS DE LOS MATERIALES [ABR:CATEGORIAS]';

-- Volcando datos para la tabla as.as_categoria_material: ~3 rows (aproximadamente)
/*!40000 ALTER TABLE `as_categoria_material` DISABLE KEYS */;
INSERT INTO `as_categoria_material` (`PK_COD_CATEGORIA`, `NOM_CATEGORIA`, `DET_CATEGORIA`) VALUES
	(1, 'Madera', 'Es un material ortótropo encontrado como principal contenido del tronco de un árbol. ');
INSERT INTO `as_categoria_material` (`PK_COD_CATEGORIA`, `NOM_CATEGORIA`, `DET_CATEGORIA`) VALUES
	(3, 'Vidrio', 'Es un material inorgánico duro, frágil, transparente y amorfo que se encuentra en la naturaleza');
INSERT INTO `as_categoria_material` (`PK_COD_CATEGORIA`, `NOM_CATEGORIA`, `DET_CATEGORIA`) VALUES
	(4, 'Metal', 'Elementos químicos caracterizados por ser buenos conductores del calor y la electricidad, poseer alta densidad, y ser sólidos a temperaturas normales.');
/*!40000 ALTER TABLE `as_categoria_material` ENABLE KEYS */;

-- Volcando estructura para tabla as.as_clientes
DROP TABLE IF EXISTS `as_clientes`;
CREATE TABLE IF NOT EXISTS `as_clientes` (
  `PK_COD_CLIENTE` int(11) NOT NULL AUTO_INCREMENT COMMENT 'CODIGO IDENTIFICADOR ÚNICO DE LA TABLA [ABR: CODCLN]',
  `COD_TIPO_IDENTIFICACION` int(11) DEFAULT NULL COMMENT 'CODIGO DEL TIPO DE IDENTIFICACION CON EL QUE SE ESTA REGISTRANDO EL CLIENTE',
  `NO_IDENTIFICACION` varchar(20) COLLATE utf8_spanish2_ci DEFAULT NULL COMMENT 'NUMERO DE IDENTIFICACION DEL CLIENTE',
  `NOM_CLIENTE` varchar(45) COLLATE utf8_spanish2_ci NOT NULL COMMENT 'PRIMER Y/O SEGUNDO NOMBRE DEL CLIENTE',
  `APE_CLIENTE` varchar(45) COLLATE utf8_spanish2_ci NOT NULL COMMENT 'PRIMER Y/O SEGUNDO APELLIDO DEL CLIENTE',
  `EMAIL` varchar(50) COLLATE utf8_spanish2_ci DEFAULT NULL COMMENT 'CORREO ELECTRONICO DEL CLIENTE',
  `TELEFONO` varchar(20) COLLATE utf8_spanish2_ci DEFAULT NULL COMMENT 'NUMERO DE TELEFONO FIJO DEL CLIENTE',
  `CELULAR` varchar(20) COLLATE utf8_spanish2_ci NOT NULL COMMENT 'NUMERO DE TELEFONO MOVIL DEL CLIENTE',
  `CREDITO` int(1) NOT NULL COMMENT 'DISPONIBILIDAD DE CREDITO DEL CLIENTE',
  `LIM_CREDITO` decimal(7,2) NOT NULL COMMENT 'LIMITE DE CREDITO QUE SE LE PUEDE DAR AL CLIENTE',
  PRIMARY KEY (`PK_COD_CLIENTE`),
  KEY `IDX_CLIENTES_1` (`COD_TIPO_IDENTIFICACION`),
  CONSTRAINT `FK_CLIENTES_TIPOSDEIDNTS` FOREIGN KEY (`COD_TIPO_IDENTIFICACION`) REFERENCES `as_tipos_identificaciones` (`PK_COD_TIPO_IDENTIFICACION`) ON DELETE CASCADE ON UPDATE CASCADE
) ENGINE=InnoDB AUTO_INCREMENT=7 DEFAULT CHARSET=utf8 COLLATE=utf8_spanish2_ci COMMENT='TABLA QUE CONTIENE TODOS LOS DATOS DE LOS CLIENTES REGISTRADOS [ABR:CLIENTES]';

-- Volcando datos para la tabla as.as_clientes: ~4 rows (aproximadamente)
/*!40000 ALTER TABLE `as_clientes` DISABLE KEYS */;
INSERT INTO `as_clientes` (`PK_COD_CLIENTE`, `COD_TIPO_IDENTIFICACION`, `NO_IDENTIFICACION`, `NOM_CLIENTE`, `APE_CLIENTE`, `EMAIL`, `TELEFONO`, `CELULAR`, `CREDITO`, `LIM_CREDITO`) VALUES
	(1, 2, '0000-0000-00000', 'CLIENTE', '', '', '', '', 0, 0.00);
INSERT INTO `as_clientes` (`PK_COD_CLIENTE`, `COD_TIPO_IDENTIFICACION`, `NO_IDENTIFICACION`, `NOM_CLIENTE`, `APE_CLIENTE`, `EMAIL`, `TELEFONO`, `CELULAR`, `CREDITO`, `LIM_CREDITO`) VALUES
	(2, 4, '18072000008657', 'Enrique', 'Mongolia', '', '2445-7686', '8790-6578', 1, 1000.00);
INSERT INTO `as_clientes` (`PK_COD_CLIENTE`, `COD_TIPO_IDENTIFICACION`, `NO_IDENTIFICACION`, `NOM_CLIENTE`, `APE_CLIENTE`, `EMAIL`, `TELEFONO`, `CELULAR`, `CREDITO`, `LIM_CREDITO`) VALUES
	(4, 1, '', 'Maria', 'Garcia', '', '', '', 1, 1000.00);
INSERT INTO `as_clientes` (`PK_COD_CLIENTE`, `COD_TIPO_IDENTIFICACION`, `NO_IDENTIFICACION`, `NOM_CLIENTE`, `APE_CLIENTE`, `EMAIL`, `TELEFONO`, `CELULAR`, `CREDITO`, `LIM_CREDITO`) VALUES
	(6, 3, '', 'Juana Lourdes', 'Peréz Ponce', '', '', '', 0, 0.00);
/*!40000 ALTER TABLE `as_clientes` ENABLE KEYS */;

-- Volcando estructura para tabla as.as_compras
DROP TABLE IF EXISTS `as_compras`;
CREATE TABLE IF NOT EXISTS `as_compras` (
  `PK_COD_COMPRA` int(11) NOT NULL AUTO_INCREMENT COMMENT 'CODIGO UNICO DE CADA REGISTRO',
  `NO_FACTURA_COMPRA` varchar(30) COLLATE utf8_spanish2_ci DEFAULT NULL COMMENT 'NUMERO LEGAL DE LA FACTURA',
  `COD_PROVEEDOR` int(11) NOT NULL COMMENT 'CODIGO DEL PROVEEDOR',
  `FEC_COMPRA` date NOT NULL COMMENT 'FECHA DE LA COMPRA',
  `SUBTOTAL` decimal(7,2) NOT NULL COMMENT 'SUBTOTAL DE LA COMPRA',
  `DESCUENTO` decimal(7,2) DEFAULT NULL COMMENT 'DESCUENTO OTORGADO DE LA COMPRA',
  `ISV` decimal(7,2) NOT NULL COMMENT 'IMPUESTO SOBRE VENTA DE LA COMPRA',
  `TOTAL_PAGAR` decimal(7,2) NOT NULL COMMENT 'TOTAL A PAGAR DE LA COMPRA',
  PRIMARY KEY (`PK_COD_COMPRA`),
  KEY `IDX_COMPRAS_1` (`COD_PROVEEDOR`),
  CONSTRAINT `FK_COMPRAS_PROVEEDO` FOREIGN KEY (`COD_PROVEEDOR`) REFERENCES `as_proveedores` (`PK_COD_PROVEEDOR`) ON DELETE CASCADE ON UPDATE CASCADE
) ENGINE=InnoDB DEFAULT CHARSET=utf8 COLLATE=utf8_spanish2_ci COMMENT='TABLA QUE REGISTRA LAS COMPRAS [ABR: COMPRAS]';

-- Volcando datos para la tabla as.as_compras: ~0 rows (aproximadamente)
/*!40000 ALTER TABLE `as_compras` DISABLE KEYS */;
/*!40000 ALTER TABLE `as_compras` ENABLE KEYS */;

-- Volcando estructura para tabla as.as_cotizaciones
DROP TABLE IF EXISTS `as_cotizaciones`;
CREATE TABLE IF NOT EXISTS `as_cotizaciones` (
  `PK_COD_COTIZACION` int(11) NOT NULL AUTO_INCREMENT,
  `COD_CLIENTE` int(11) NOT NULL,
  `ID_USUARIO` int(11) NOT NULL,
  `FEC_COTIZACION` date NOT NULL,
  `HORA_COTIZACION` time NOT NULL,
  `SUBTOTAL` decimal(7,2) NOT NULL,
  `DESCUENTO` decimal(7,2) DEFAULT NULL,
  `ISV` decimal(7,2) NOT NULL,
  `TOTAL_PAGAR` decimal(7,2) NOT NULL,
  PRIMARY KEY (`PK_COD_COTIZACION`),
  KEY `IDX_COTIZACIONES_1` (`COD_CLIENTE`),
  KEY `IDX_COTIZACIONES_2` (`ID_USUARIO`),
  CONSTRAINT `FK_COTIZACIONES_CLIENTES` FOREIGN KEY (`COD_CLIENTE`) REFERENCES `as_clientes` (`PK_COD_CLIENTE`) ON DELETE CASCADE ON UPDATE CASCADE,
  CONSTRAINT `FK_COTIZACIONES_USUARIOSSTM` FOREIGN KEY (`ID_USUARIO`) REFERENCES `as_usuarios_sistema` (`PK_ID_USUARIO`) ON DELETE CASCADE ON UPDATE CASCADE
) ENGINE=InnoDB AUTO_INCREMENT=28 DEFAULT CHARSET=utf8 COLLATE=utf8_spanish2_ci;

-- Volcando datos para la tabla as.as_cotizaciones: ~18 rows (aproximadamente)
/*!40000 ALTER TABLE `as_cotizaciones` DISABLE KEYS */;
INSERT INTO `as_cotizaciones` (`PK_COD_COTIZACION`, `COD_CLIENTE`, `ID_USUARIO`, `FEC_COTIZACION`, `HORA_COTIZACION`, `SUBTOTAL`, `DESCUENTO`, `ISV`, `TOTAL_PAGAR`) VALUES
	(9, 1, 3, '2022-04-15', '18:33:36', 1016.00, 0.00, 76.20, 584.20);
INSERT INTO `as_cotizaciones` (`PK_COD_COTIZACION`, `COD_CLIENTE`, `ID_USUARIO`, `FEC_COTIZACION`, `HORA_COTIZACION`, `SUBTOTAL`, `DESCUENTO`, `ISV`, `TOTAL_PAGAR`) VALUES
	(10, 1, 3, '2022-04-15', '18:34:32', 1016.00, 508.00, 76.20, 584.20);
INSERT INTO `as_cotizaciones` (`PK_COD_COTIZACION`, `COD_CLIENTE`, `ID_USUARIO`, `FEC_COTIZACION`, `HORA_COTIZACION`, `SUBTOTAL`, `DESCUENTO`, `ISV`, `TOTAL_PAGAR`) VALUES
	(11, 1, 3, '2022-04-15', '18:37:32', 1016.00, 508.00, 76.20, 584.20);
INSERT INTO `as_cotizaciones` (`PK_COD_COTIZACION`, `COD_CLIENTE`, `ID_USUARIO`, `FEC_COTIZACION`, `HORA_COTIZACION`, `SUBTOTAL`, `DESCUENTO`, `ISV`, `TOTAL_PAGAR`) VALUES
	(12, 1, 3, '2022-04-15', '18:38:34', 1016.00, 508.00, 76.20, 584.20);
INSERT INTO `as_cotizaciones` (`PK_COD_COTIZACION`, `COD_CLIENTE`, `ID_USUARIO`, `FEC_COTIZACION`, `HORA_COTIZACION`, `SUBTOTAL`, `DESCUENTO`, `ISV`, `TOTAL_PAGAR`) VALUES
	(13, 1, 3, '2022-04-15', '18:47:18', 700.00, 70.00, 94.50, 724.50);
INSERT INTO `as_cotizaciones` (`PK_COD_COTIZACION`, `COD_CLIENTE`, `ID_USUARIO`, `FEC_COTIZACION`, `HORA_COTIZACION`, `SUBTOTAL`, `DESCUENTO`, `ISV`, `TOTAL_PAGAR`) VALUES
	(14, 1, 3, '2022-04-15', '20:27:48', 674.00, 0.00, 101.10, 775.10);
INSERT INTO `as_cotizaciones` (`PK_COD_COTIZACION`, `COD_CLIENTE`, `ID_USUARIO`, `FEC_COTIZACION`, `HORA_COTIZACION`, `SUBTOTAL`, `DESCUENTO`, `ISV`, `TOTAL_PAGAR`) VALUES
	(15, 4, 3, '2022-04-16', '00:55:23', 68.50, 20.55, 7.19, 55.14);
INSERT INTO `as_cotizaciones` (`PK_COD_COTIZACION`, `COD_CLIENTE`, `ID_USUARIO`, `FEC_COTIZACION`, `HORA_COTIZACION`, `SUBTOTAL`, `DESCUENTO`, `ISV`, `TOTAL_PAGAR`) VALUES
	(16, 1, 3, '2022-04-16', '01:11:17', 0.00, 0.00, 0.00, 0.00);
INSERT INTO `as_cotizaciones` (`PK_COD_COTIZACION`, `COD_CLIENTE`, `ID_USUARIO`, `FEC_COTIZACION`, `HORA_COTIZACION`, `SUBTOTAL`, `DESCUENTO`, `ISV`, `TOTAL_PAGAR`) VALUES
	(17, 4, 3, '2022-04-16', '01:12:32', 100.00, 15.00, 12.75, 97.75);
INSERT INTO `as_cotizaciones` (`PK_COD_COTIZACION`, `COD_CLIENTE`, `ID_USUARIO`, `FEC_COTIZACION`, `HORA_COTIZACION`, `SUBTOTAL`, `DESCUENTO`, `ISV`, `TOTAL_PAGAR`) VALUES
	(18, 1, 3, '2022-04-16', '01:13:31', 352.80, 0.00, 52.92, 405.72);
INSERT INTO `as_cotizaciones` (`PK_COD_COTIZACION`, `COD_CLIENTE`, `ID_USUARIO`, `FEC_COTIZACION`, `HORA_COTIZACION`, `SUBTOTAL`, `DESCUENTO`, `ISV`, `TOTAL_PAGAR`) VALUES
	(19, 6, 3, '2022-04-16', '01:20:44', 352.80, 35.28, 47.63, 365.15);
INSERT INTO `as_cotizaciones` (`PK_COD_COTIZACION`, `COD_CLIENTE`, `ID_USUARIO`, `FEC_COTIZACION`, `HORA_COTIZACION`, `SUBTOTAL`, `DESCUENTO`, `ISV`, `TOTAL_PAGAR`) VALUES
	(20, 1, 3, '2022-04-16', '02:42:05', 0.00, 0.00, 0.00, 0.00);
INSERT INTO `as_cotizaciones` (`PK_COD_COTIZACION`, `COD_CLIENTE`, `ID_USUARIO`, `FEC_COTIZACION`, `HORA_COTIZACION`, `SUBTOTAL`, `DESCUENTO`, `ISV`, `TOTAL_PAGAR`) VALUES
	(21, 2, 3, '2022-04-16', '02:43:49', 241.20, 12.06, 34.37, 263.51);
INSERT INTO `as_cotizaciones` (`PK_COD_COTIZACION`, `COD_CLIENTE`, `ID_USUARIO`, `FEC_COTIZACION`, `HORA_COTIZACION`, `SUBTOTAL`, `DESCUENTO`, `ISV`, `TOTAL_PAGAR`) VALUES
	(22, 6, 3, '2022-04-16', '03:16:04', 100.80, 40.32, 9.07, 69.55);
INSERT INTO `as_cotizaciones` (`PK_COD_COTIZACION`, `COD_CLIENTE`, `ID_USUARIO`, `FEC_COTIZACION`, `HORA_COTIZACION`, `SUBTOTAL`, `DESCUENTO`, `ISV`, `TOTAL_PAGAR`) VALUES
	(23, 2, 3, '2022-04-16', '17:06:37', 252.00, 25.20, 34.02, 260.82);
INSERT INTO `as_cotizaciones` (`PK_COD_COTIZACION`, `COD_CLIENTE`, `ID_USUARIO`, `FEC_COTIZACION`, `HORA_COTIZACION`, `SUBTOTAL`, `DESCUENTO`, `ISV`, `TOTAL_PAGAR`) VALUES
	(25, 6, 3, '2022-04-16', '17:09:33', 126.40, 12.64, 17.06, 130.82);
INSERT INTO `as_cotizaciones` (`PK_COD_COTIZACION`, `COD_CLIENTE`, `ID_USUARIO`, `FEC_COTIZACION`, `HORA_COTIZACION`, `SUBTOTAL`, `DESCUENTO`, `ISV`, `TOTAL_PAGAR`) VALUES
	(26, 4, 3, '2022-04-17', '05:15:47', 2072.20, 414.44, 248.66, 1906.42);
INSERT INTO `as_cotizaciones` (`PK_COD_COTIZACION`, `COD_CLIENTE`, `ID_USUARIO`, `FEC_COTIZACION`, `HORA_COTIZACION`, `SUBTOTAL`, `DESCUENTO`, `ISV`, `TOTAL_PAGAR`) VALUES
	(27, 6, 3, '2022-04-17', '16:17:21', 370.40, 18.52, 52.78, 404.66);
/*!40000 ALTER TABLE `as_cotizaciones` ENABLE KEYS */;

-- Volcando estructura para tabla as.as_cuentas_clientes
DROP TABLE IF EXISTS `as_cuentas_clientes`;
CREATE TABLE IF NOT EXISTS `as_cuentas_clientes` (
  `PK_NO_CUENTA` int(11) NOT NULL AUTO_INCREMENT COMMENT 'NUMERO UNICO DE CADA CUENTA',
  `COD_CLIENTE` int(11) NOT NULL COMMENT 'CODIGO UNICO DE CADA CLIENTE',
  `SALDO` decimal(7,2) NOT NULL COMMENT 'SALDO DAUDOR DE LA CUENTA',
  PRIMARY KEY (`PK_NO_CUENTA`),
  KEY `IDX_CUENTAS_1` (`COD_CLIENTE`),
  CONSTRAINT `FK_CUENTAS_CLIENTES` FOREIGN KEY (`COD_CLIENTE`) REFERENCES `as_clientes` (`PK_COD_CLIENTE`) ON DELETE CASCADE ON UPDATE CASCADE
) ENGINE=InnoDB DEFAULT CHARSET=utf8 COLLATE=utf8_spanish2_ci COMMENT='TABLA QUE CONTIENE TODAS LAS CUENTAS REGISTRADAS DE LOS CLIENTES [ABR:CUENTAS]';

-- Volcando datos para la tabla as.as_cuentas_clientes: ~0 rows (aproximadamente)
/*!40000 ALTER TABLE `as_cuentas_clientes` DISABLE KEYS */;
/*!40000 ALTER TABLE `as_cuentas_clientes` ENABLE KEYS */;

-- Volcando estructura para tabla as.as_detalles_cotizaciones
DROP TABLE IF EXISTS `as_detalles_cotizaciones`;
CREATE TABLE IF NOT EXISTS `as_detalles_cotizaciones` (
  `PK_COD_DET_COTIZACION` int(11) NOT NULL AUTO_INCREMENT,
  `COD_COTIZACION` int(11) NOT NULL,
  `COD_PRODUCTO` int(11) NOT NULL,
  `CANT_PRODUCTO` int(11) NOT NULL,
  `PRECIO_PRODUCTO` decimal(7,2) NOT NULL,
  `TOTAL_PAGAR_PRODUCTO` decimal(7,2) NOT NULL,
  PRIMARY KEY (`PK_COD_DET_COTIZACION`),
  KEY `IDX_DETCOTIZACN_1` (`COD_COTIZACION`),
  CONSTRAINT `FK_COTIZACIONES_DETCOTIZACN` FOREIGN KEY (`COD_COTIZACION`) REFERENCES `as_cotizaciones` (`PK_COD_COTIZACION`) ON DELETE CASCADE ON UPDATE CASCADE
) ENGINE=InnoDB AUTO_INCREMENT=18 DEFAULT CHARSET=utf8 COLLATE=utf8_spanish2_ci;

-- Volcando datos para la tabla as.as_detalles_cotizaciones: ~16 rows (aproximadamente)
/*!40000 ALTER TABLE `as_detalles_cotizaciones` DISABLE KEYS */;
INSERT INTO `as_detalles_cotizaciones` (`PK_COD_DET_COTIZACION`, `COD_COTIZACION`, `COD_PRODUCTO`, `CANT_PRODUCTO`, `PRECIO_PRODUCTO`, `TOTAL_PAGAR_PRODUCTO`) VALUES
	(1, 14, 21, 2, 68.20, 136.40);
INSERT INTO `as_detalles_cotizaciones` (`PK_COD_DET_COTIZACION`, `COD_COTIZACION`, `COD_PRODUCTO`, `CANT_PRODUCTO`, `PRECIO_PRODUCTO`, `TOTAL_PAGAR_PRODUCTO`) VALUES
	(2, 17, 21, 1, 100.00, 100.00);
INSERT INTO `as_detalles_cotizaciones` (`PK_COD_DET_COTIZACION`, `COD_COTIZACION`, `COD_PRODUCTO`, `CANT_PRODUCTO`, `PRECIO_PRODUCTO`, `TOTAL_PAGAR_PRODUCTO`) VALUES
	(3, 18, 21, 1, 100.00, 100.00);
INSERT INTO `as_detalles_cotizaciones` (`PK_COD_DET_COTIZACION`, `COD_COTIZACION`, `COD_PRODUCTO`, `CANT_PRODUCTO`, `PRECIO_PRODUCTO`, `TOTAL_PAGAR_PRODUCTO`) VALUES
	(4, 18, 24, 4, 63.20, 252.80);
INSERT INTO `as_detalles_cotizaciones` (`PK_COD_DET_COTIZACION`, `COD_COTIZACION`, `COD_PRODUCTO`, `CANT_PRODUCTO`, `PRECIO_PRODUCTO`, `TOTAL_PAGAR_PRODUCTO`) VALUES
	(5, 19, 21, 1, 100.00, 100.00);
INSERT INTO `as_detalles_cotizaciones` (`PK_COD_DET_COTIZACION`, `COD_COTIZACION`, `COD_PRODUCTO`, `CANT_PRODUCTO`, `PRECIO_PRODUCTO`, `TOTAL_PAGAR_PRODUCTO`) VALUES
	(6, 19, 24, 4, 63.20, 252.80);
INSERT INTO `as_detalles_cotizaciones` (`PK_COD_DET_COTIZACION`, `COD_COTIZACION`, `COD_PRODUCTO`, `CANT_PRODUCTO`, `PRECIO_PRODUCTO`, `TOTAL_PAGAR_PRODUCTO`) VALUES
	(7, 21, 25, 2, 120.60, 241.20);
INSERT INTO `as_detalles_cotizaciones` (`PK_COD_DET_COTIZACION`, `COD_COTIZACION`, `COD_PRODUCTO`, `CANT_PRODUCTO`, `PRECIO_PRODUCTO`, `TOTAL_PAGAR_PRODUCTO`) VALUES
	(8, 22, 22, 2, 50.40, 100.80);
INSERT INTO `as_detalles_cotizaciones` (`PK_COD_DET_COTIZACION`, `COD_COTIZACION`, `COD_PRODUCTO`, `CANT_PRODUCTO`, `PRECIO_PRODUCTO`, `TOTAL_PAGAR_PRODUCTO`) VALUES
	(9, 23, 22, 5, 50.40, 252.00);
INSERT INTO `as_detalles_cotizaciones` (`PK_COD_DET_COTIZACION`, `COD_COTIZACION`, `COD_PRODUCTO`, `CANT_PRODUCTO`, `PRECIO_PRODUCTO`, `TOTAL_PAGAR_PRODUCTO`) VALUES
	(11, 25, 24, 2, 63.20, 126.40);
INSERT INTO `as_detalles_cotizaciones` (`PK_COD_DET_COTIZACION`, `COD_COTIZACION`, `COD_PRODUCTO`, `CANT_PRODUCTO`, `PRECIO_PRODUCTO`, `TOTAL_PAGAR_PRODUCTO`) VALUES
	(12, 26, 26, 2, 700.50, 1401.00);
INSERT INTO `as_detalles_cotizaciones` (`PK_COD_DET_COTIZACION`, `COD_COTIZACION`, `COD_PRODUCTO`, `CANT_PRODUCTO`, `PRECIO_PRODUCTO`, `TOTAL_PAGAR_PRODUCTO`) VALUES
	(13, 26, 27, 3, 90.40, 271.20);
INSERT INTO `as_detalles_cotizaciones` (`PK_COD_DET_COTIZACION`, `COD_COTIZACION`, `COD_PRODUCTO`, `CANT_PRODUCTO`, `PRECIO_PRODUCTO`, `TOTAL_PAGAR_PRODUCTO`) VALUES
	(14, 26, 28, 4, 100.00, 400.00);
INSERT INTO `as_detalles_cotizaciones` (`PK_COD_DET_COTIZACION`, `COD_COTIZACION`, `COD_PRODUCTO`, `CANT_PRODUCTO`, `PRECIO_PRODUCTO`, `TOTAL_PAGAR_PRODUCTO`) VALUES
	(15, 27, 22, 3, 50.40, 151.20);
INSERT INTO `as_detalles_cotizaciones` (`PK_COD_DET_COTIZACION`, `COD_COTIZACION`, `COD_PRODUCTO`, `CANT_PRODUCTO`, `PRECIO_PRODUCTO`, `TOTAL_PAGAR_PRODUCTO`) VALUES
	(16, 27, 24, 1, 63.20, 63.20);
INSERT INTO `as_detalles_cotizaciones` (`PK_COD_DET_COTIZACION`, `COD_COTIZACION`, `COD_PRODUCTO`, `CANT_PRODUCTO`, `PRECIO_PRODUCTO`, `TOTAL_PAGAR_PRODUCTO`) VALUES
	(17, 27, 29, 2, 78.00, 156.00);
/*!40000 ALTER TABLE `as_detalles_cotizaciones` ENABLE KEYS */;

-- Volcando estructura para tabla as.as_direcciones_clientes
DROP TABLE IF EXISTS `as_direcciones_clientes`;
CREATE TABLE IF NOT EXISTS `as_direcciones_clientes` (
  `PK_COD_DIRECCION` int(11) NOT NULL AUTO_INCREMENT COMMENT 'CODIGO IDENTIFICADOR ÚNICO DE LA TABLA [ABR: CODDIR]',
  `COD_CLIENTE` int(11) NOT NULL COMMENT 'CODIGO UNICO DE CADA CLIENTE REGISTARADO',
  `DEPARTAMENTO` varchar(45) COLLATE utf8_spanish2_ci NOT NULL COMMENT 'NOMBRE DEL DEPARTAMENTO',
  `MUNICIPIO` varchar(45) COLLATE utf8_spanish2_ci NOT NULL COMMENT 'NOMBRE DEL MUNICIPIO',
  `CIUDAD` varchar(45) COLLATE utf8_spanish2_ci NOT NULL COMMENT 'NOMBRE DE LA CIUDAD',
  `BARRIO_COLONIA` varchar(45) COLLATE utf8_spanish2_ci NOT NULL COMMENT 'NOMBRE DEL BARRIO Y/O COLONIA',
  `DET_DIRECCION` text COLLATE utf8_spanish2_ci NOT NULL COMMENT 'DETALLE COMPLETO DE LA DIRECCION DEL CLIENTE',
  PRIMARY KEY (`PK_COD_DIRECCION`),
  KEY `IDX_DIRCLN_1` (`COD_CLIENTE`),
  CONSTRAINT `FK_DIRCLN_CLIENTES` FOREIGN KEY (`COD_CLIENTE`) REFERENCES `as_clientes` (`PK_COD_CLIENTE`) ON DELETE CASCADE ON UPDATE CASCADE
) ENGINE=InnoDB DEFAULT CHARSET=utf8 COLLATE=utf8_spanish2_ci COMMENT='TABLA QUE CONTIENE TODAS LAS DIRECCIONES REGISTRADAS DE LOS CLIENTES [ABR:DIRCLN]';

-- Volcando datos para la tabla as.as_direcciones_clientes: ~0 rows (aproximadamente)
/*!40000 ALTER TABLE `as_direcciones_clientes` DISABLE KEYS */;
/*!40000 ALTER TABLE `as_direcciones_clientes` ENABLE KEYS */;

-- Volcando estructura para tabla as.as_empleados
DROP TABLE IF EXISTS `as_empleados`;
CREATE TABLE IF NOT EXISTS `as_empleados` (
  `PK_COD_EMPLEADO` int(11) NOT NULL AUTO_INCREMENT COMMENT 'CODIGO ÚNICO DE CADA REGISTO EN LA TABLA [ABR: CODEMPL]',
  `NOMBRE` varchar(45) COLLATE utf8_spanish2_ci NOT NULL COMMENT 'PRIMER Y/O SEGUNDO NOMBRE DEL EMPLEADO',
  `APELLIDO` varchar(45) COLLATE utf8_spanish2_ci NOT NULL COMMENT 'PRIMER Y/O SEGUNDO APELLIDO DEL EMPLEADO',
  `FEC_NACIMIENTO` date DEFAULT NULL COMMENT 'FECHA DE NACIMIENTO DEL EMPLEADO',
  `SEXO` varchar(1) COLLATE utf8_spanish2_ci NOT NULL COMMENT 'SEXO DEL EMPLEADO',
  `DIRECCION` text COLLATE utf8_spanish2_ci COMMENT 'DOMICILIO ACTUAL DEL EMPLEADO',
  `TELEFONO` varchar(20) COLLATE utf8_spanish2_ci DEFAULT NULL COMMENT 'NÚMERO DE TELEFONO FIJO DEL EMPLEADO',
  `CELULAR` text COLLATE utf8_spanish2_ci NOT NULL COMMENT 'NÚMERO DE TELEFONO MÓVIL DEL EMPLEADO',
  `EMAIL` varchar(50) COLLATE utf8_spanish2_ci NOT NULL COMMENT 'CORREO ELECTRONICO DEL EMPLEADO',
  PRIMARY KEY (`PK_COD_EMPLEADO`)
) ENGINE=InnoDB AUTO_INCREMENT=15 DEFAULT CHARSET=utf8 COLLATE=utf8_spanish2_ci COMMENT='TABLA CON LOS DATOS DE TODOS LOS EMPLEADOS DE LA EMPRESA [ABR: EMPL]';

-- Volcando datos para la tabla as.as_empleados: ~13 rows (aproximadamente)
/*!40000 ALTER TABLE `as_empleados` DISABLE KEYS */;
INSERT INTO `as_empleados` (`PK_COD_EMPLEADO`, `NOMBRE`, `APELLIDO`, `FEC_NACIMIENTO`, `SEXO`, `DIRECCION`, `TELEFONO`, `CELULAR`, `EMAIL`) VALUES
	(1, 'Daniel', 'Posas', '1989-12-02', 'M', NULL, NULL, '89780989', 'danielposas@gmail.com');
INSERT INTO `as_empleados` (`PK_COD_EMPLEADO`, `NOMBRE`, `APELLIDO`, `FEC_NACIMIENTO`, `SEXO`, `DIRECCION`, `TELEFONO`, `CELULAR`, `EMAIL`) VALUES
	(2, 'MARIA', 'GARCIA', '2000-01-24', 'F', 'COL. ROSALEA', '2446-9856', '8769-0343', 'mariagarcia@example.com');
INSERT INTO `as_empleados` (`PK_COD_EMPLEADO`, `NOMBRE`, `APELLIDO`, `FEC_NACIMIENTO`, `SEXO`, `DIRECCION`, `TELEFONO`, `CELULAR`, `EMAIL`) VALUES
	(4, 'Juan', 'Murillo', '1997-02-05', 'M', 'Col. Murra', '2445-6504', '9870-2034', 'juan@example.com');
INSERT INTO `as_empleados` (`PK_COD_EMPLEADO`, `NOMBRE`, `APELLIDO`, `FEC_NACIMIENTO`, `SEXO`, `DIRECCION`, `TELEFONO`, `CELULAR`, `EMAIL`) VALUES
	(5, 'PEDRO', 'MUNGUIA', '2000-06-21', 'M', 'COL. LA GRAN MURRALLA', '2446-9706', '9870-5040', 'pedromunguia@example.com');
INSERT INTO `as_empleados` (`PK_COD_EMPLEADO`, `NOMBRE`, `APELLIDO`, `FEC_NACIMIENTO`, `SEXO`, `DIRECCION`, `TELEFONO`, `CELULAR`, `EMAIL`) VALUES
	(6, 'MARIA', 'MUNGUIA', '2022-04-28', 'F', 'COL. EL PARAISO', '', '9860-5960', 'maria@email.com');
INSERT INTO `as_empleados` (`PK_COD_EMPLEADO`, `NOMBRE`, `APELLIDO`, `FEC_NACIMIENTO`, `SEXO`, `DIRECCION`, `TELEFONO`, `CELULAR`, `EMAIL`) VALUES
	(7, 'MARIANO', 'MUNGUIA', '2022-04-07', 'M', 'COL. LA CRUZ', '', '9780-5704', 'mariano@email.com');
INSERT INTO `as_empleados` (`PK_COD_EMPLEADO`, `NOMBRE`, `APELLIDO`, `FEC_NACIMIENTO`, `SEXO`, `DIRECCION`, `TELEFONO`, `CELULAR`, `EMAIL`) VALUES
	(8, 'MARIANO', 'MUNGUIA', '2022-04-07', 'M', 'COL. LA CRUZ', '', '9780-5704', 'mariano@email.com');
INSERT INTO `as_empleados` (`PK_COD_EMPLEADO`, `NOMBRE`, `APELLIDO`, `FEC_NACIMIENTO`, `SEXO`, `DIRECCION`, `TELEFONO`, `CELULAR`, `EMAIL`) VALUES
	(9, 'MARIANO', 'MUNGUIA', '2022-04-07', 'M', 'COL. LA CRUZ', '', '9780-5704', 'mariano@email.com');
INSERT INTO `as_empleados` (`PK_COD_EMPLEADO`, `NOMBRE`, `APELLIDO`, `FEC_NACIMIENTO`, `SEXO`, `DIRECCION`, `TELEFONO`, `CELULAR`, `EMAIL`) VALUES
	(10, 'MARIANO', 'MUNGUIA', '2022-04-07', 'M', 'COL. LA CRUZ', '', '9780-5704', 'mariano@email.com');
INSERT INTO `as_empleados` (`PK_COD_EMPLEADO`, `NOMBRE`, `APELLIDO`, `FEC_NACIMIENTO`, `SEXO`, `DIRECCION`, `TELEFONO`, `CELULAR`, `EMAIL`) VALUES
	(11, 'MARIANO', 'MUNGUIA', '2022-04-07', 'M', 'COL. LA CRUZ', '', '9780-5704', 'mariano@email.com');
INSERT INTO `as_empleados` (`PK_COD_EMPLEADO`, `NOMBRE`, `APELLIDO`, `FEC_NACIMIENTO`, `SEXO`, `DIRECCION`, `TELEFONO`, `CELULAR`, `EMAIL`) VALUES
	(12, 'JUANA', 'MURILLO', '1990-12-30', 'F', 'COL. LA ROSA', '', '9780-6705', 'juana@gmail.com');
INSERT INTO `as_empleados` (`PK_COD_EMPLEADO`, `NOMBRE`, `APELLIDO`, `FEC_NACIMIENTO`, `SEXO`, `DIRECCION`, `TELEFONO`, `CELULAR`, `EMAIL`) VALUES
	(13, 'JUANA', 'MURILLO', '1990-12-30', 'F', 'COL. LA ROSA', '', '9780-6705', 'juana@gmail.com');
INSERT INTO `as_empleados` (`PK_COD_EMPLEADO`, `NOMBRE`, `APELLIDO`, `FEC_NACIMIENTO`, `SEXO`, `DIRECCION`, `TELEFONO`, `CELULAR`, `EMAIL`) VALUES
	(14, 'EVELIN', 'PONCE', '2000-01-05', 'F', 'COL. LA CRUZ', '2446-7059', '9506-3020', 'evelinponce@gmail.com');
/*!40000 ALTER TABLE `as_empleados` ENABLE KEYS */;

-- Volcando estructura para tabla as.as_inventario_materiales
DROP TABLE IF EXISTS `as_inventario_materiales`;
CREATE TABLE IF NOT EXISTS `as_inventario_materiales` (
  `PK_COD_MATERIAL` int(11) NOT NULL AUTO_INCREMENT COMMENT 'CODIGO UNICO DE CADA REGISTRO',
  `COD_BARRAS` varchar(30) COLLATE utf8_spanish2_ci DEFAULT NULL,
  `NOM_MATERIAL` varchar(45) COLLATE utf8_spanish2_ci NOT NULL,
  `DET_MATERIAL` text COLLATE utf8_spanish2_ci,
  `COD_CATEGORIA` int(11) NOT NULL,
  `PRECIO_VENTA` decimal(7,2) NOT NULL,
  `EXISTENCIAS` decimal(7,2) NOT NULL,
  `MIN_EXISTENCIAS` decimal(7,2) NOT NULL,
  `MAX_EXISTENCIAS` decimal(7,2) NOT NULL,
  PRIMARY KEY (`PK_COD_MATERIAL`),
  KEY `IDX_INVMATERL_1` (`COD_CATEGORIA`),
  CONSTRAINT `FK_INVMATERL_CATEGORIAS` FOREIGN KEY (`COD_CATEGORIA`) REFERENCES `as_categoria_material` (`PK_COD_CATEGORIA`) ON DELETE CASCADE ON UPDATE CASCADE
) ENGINE=InnoDB DEFAULT CHARSET=utf8 COLLATE=utf8_spanish2_ci COMMENT='TABLA CON EL REGISTRO DEL INVENTARIO DE MATERIALES [ABR:INVMATERL]';

-- Volcando datos para la tabla as.as_inventario_materiales: ~0 rows (aproximadamente)
/*!40000 ALTER TABLE `as_inventario_materiales` DISABLE KEYS */;
/*!40000 ALTER TABLE `as_inventario_materiales` ENABLE KEYS */;

-- Volcando estructura para tabla as.as_material_compra_proveedor
DROP TABLE IF EXISTS `as_material_compra_proveedor`;
CREATE TABLE IF NOT EXISTS `as_material_compra_proveedor` (
  `PK_COD_MCP` int(11) NOT NULL AUTO_INCREMENT,
  `COD_MATERIAL` int(11) NOT NULL,
  `COD_PROVEEDOR` int(11) NOT NULL,
  `PRECIO_COMPRA` decimal(7,2) NOT NULL,
  PRIMARY KEY (`PK_COD_MCP`),
  KEY `IDX_MTCOMPPROV_1` (`COD_PROVEEDOR`),
  KEY `IDX_MTCOMPPROV_2` (`COD_MATERIAL`),
  CONSTRAINT `FK_MTCOMPPROV_INVMATERL` FOREIGN KEY (`COD_MATERIAL`) REFERENCES `as_inventario_materiales` (`PK_COD_MATERIAL`) ON DELETE CASCADE ON UPDATE CASCADE,
  CONSTRAINT `FK_MTCOMPPROV_PROVEEDO` FOREIGN KEY (`COD_PROVEEDOR`) REFERENCES `as_proveedores` (`PK_COD_PROVEEDOR`) ON DELETE CASCADE ON UPDATE CASCADE
) ENGINE=InnoDB DEFAULT CHARSET=utf8 COLLATE=utf8_spanish2_ci;

-- Volcando datos para la tabla as.as_material_compra_proveedor: ~0 rows (aproximadamente)
/*!40000 ALTER TABLE `as_material_compra_proveedor` DISABLE KEYS */;
/*!40000 ALTER TABLE `as_material_compra_proveedor` ENABLE KEYS */;

-- Volcando estructura para tabla as.as_metodos_pagos
DROP TABLE IF EXISTS `as_metodos_pagos`;
CREATE TABLE IF NOT EXISTS `as_metodos_pagos` (
  `PK_COD_METODO_PAGO` int(11) NOT NULL AUTO_INCREMENT COMMENT 'CODIGO UNICO DE CADA MEDOTO DE PAGO',
  `NOM_METODO_PAGO` varchar(45) COLLATE utf8_spanish2_ci NOT NULL COMMENT 'NOMBRE CORTO DEL METODO DE PAGO',
  `DET_METODO_PAGO` text COLLATE utf8_spanish2_ci COMMENT 'DETALLE COMPLETO DEL METODO DE PAGO',
  PRIMARY KEY (`PK_COD_METODO_PAGO`)
) ENGINE=InnoDB AUTO_INCREMENT=3 DEFAULT CHARSET=utf8 COLLATE=utf8_spanish2_ci COMMENT='TABLA QUE CONTIENE TODOS LOS METODOS DE PAGO DISPONIBLES EN EL SISTEMA [ABR:METPAGOS]';

-- Volcando datos para la tabla as.as_metodos_pagos: ~2 rows (aproximadamente)
/*!40000 ALTER TABLE `as_metodos_pagos` DISABLE KEYS */;
INSERT INTO `as_metodos_pagos` (`PK_COD_METODO_PAGO`, `NOM_METODO_PAGO`, `DET_METODO_PAGO`) VALUES
	(1, 'PAGO EN EFECTIVO', 'PAGO CON DINERO EN EFECTIVO CON MONEDA NACIONAL');
INSERT INTO `as_metodos_pagos` (`PK_COD_METODO_PAGO`, `NOM_METODO_PAGO`, `DET_METODO_PAGO`) VALUES
	(2, 'PAGO CON LINK DE PAGO', NULL);
/*!40000 ALTER TABLE `as_metodos_pagos` ENABLE KEYS */;

-- Volcando estructura para tabla as.as_ordenes_trabajo
DROP TABLE IF EXISTS `as_ordenes_trabajo`;
CREATE TABLE IF NOT EXISTS `as_ordenes_trabajo` (
  `PK_COD_ORDEN_TRABAJO` int(11) NOT NULL AUTO_INCREMENT,
  `COD_EMPLEADO` int(11) DEFAULT NULL,
  `COD_COTIZACION` int(11) DEFAULT NULL,
  `FEC_ENTREGA` date DEFAULT NULL,
  `DET_ORDEN_TRABAJO` text COLLATE utf8_spanish2_ci,
  `ESTADO` varchar(20) COLLATE utf8_spanish2_ci DEFAULT NULL,
  PRIMARY KEY (`PK_COD_ORDEN_TRABAJO`),
  KEY `IDX_ORDENTRABAJ_1` (`COD_COTIZACION`),
  KEY `IDX_ORDENTRABAJ_2` (`COD_EMPLEADO`),
  CONSTRAINT `FK_ORDENTRABAJ_COTIZACIONES` FOREIGN KEY (`COD_COTIZACION`) REFERENCES `as_cotizaciones` (`PK_COD_COTIZACION`) ON DELETE CASCADE ON UPDATE CASCADE,
  CONSTRAINT `FK_ORDENTRABAJ_EMPL` FOREIGN KEY (`COD_EMPLEADO`) REFERENCES `as_empleados` (`PK_COD_EMPLEADO`) ON DELETE CASCADE ON UPDATE CASCADE
) ENGINE=InnoDB DEFAULT CHARSET=utf8 COLLATE=utf8_spanish2_ci;

-- Volcando datos para la tabla as.as_ordenes_trabajo: ~0 rows (aproximadamente)
/*!40000 ALTER TABLE `as_ordenes_trabajo` DISABLE KEYS */;
/*!40000 ALTER TABLE `as_ordenes_trabajo` ENABLE KEYS */;

-- Volcando estructura para tabla as.as_proveedores
DROP TABLE IF EXISTS `as_proveedores`;
CREATE TABLE IF NOT EXISTS `as_proveedores` (
  `PK_COD_PROVEEDOR` int(11) NOT NULL AUTO_INCREMENT COMMENT 'CODIGO UNICO DE CADA REGISTRO',
  `RTN_PROVEEDOR` varchar(20) COLLATE utf8_spanish2_ci DEFAULT NULL COMMENT 'RTN DEL PROVEEDOR',
  `NOM_PROVEEDOR` varchar(45) COLLATE utf8_spanish2_ci NOT NULL COMMENT 'NOMBRE DEL PROVEEDOR',
  `DIRECCION` text COLLATE utf8_spanish2_ci COMMENT 'DIRECCION DEL PROVEEDOR',
  `EMAIL` varchar(50) COLLATE utf8_spanish2_ci DEFAULT NULL COMMENT 'EMAIL DEL PROVEEDOR',
  `TELEFONO` varchar(20) COLLATE utf8_spanish2_ci DEFAULT NULL COMMENT 'NUMERO DE TELEFONO FIJO',
  `FAX` varchar(20) COLLATE utf8_spanish2_ci DEFAULT NULL COMMENT 'NUMERO DE FAX',
  `CELULAR` varchar(20) COLLATE utf8_spanish2_ci DEFAULT NULL COMMENT 'NUMERO DE TELEFONO MOVIL',
  `SITIO_WEB` varchar(45) COLLATE utf8_spanish2_ci DEFAULT NULL COMMENT 'DIRECCION WEB',
  `ASESOR_VENTAS` varchar(70) COLLATE utf8_spanish2_ci DEFAULT NULL COMMENT 'NOMBRE COMPLETO DEL ASESOR DE VENTAS',
  `EMAIL_ASESOR_VENTAS` varchar(50) COLLATE utf8_spanish2_ci DEFAULT NULL COMMENT 'CORREO ELECTRONICO DEL ASESOR',
  `CELULAR_ASESOR_VENTAS` varchar(20) COLLATE utf8_spanish2_ci DEFAULT NULL COMMENT 'CELULAR DEL ASESOR',
  PRIMARY KEY (`PK_COD_PROVEEDOR`)
) ENGINE=InnoDB AUTO_INCREMENT=3 DEFAULT CHARSET=utf8 COLLATE=utf8_spanish2_ci COMMENT='TABLA QUE REGISTRA LOS PROVEEDORES [ABR:PROVEEDO]';

-- Volcando datos para la tabla as.as_proveedores: ~1 rows (aproximadamente)
/*!40000 ALTER TABLE `as_proveedores` DISABLE KEYS */;
INSERT INTO `as_proveedores` (`PK_COD_PROVEEDOR`, `RTN_PROVEEDOR`, `NOM_PROVEEDOR`, `DIRECCION`, `EMAIL`, `TELEFONO`, `FAX`, `CELULAR`, `SITIO_WEB`, `ASESOR_VENTAS`, `EMAIL_ASESOR_VENTAS`, `CELULAR_ASESOR_VENTAS`) VALUES
	(2, '', 'Inversiones Channel', '', '', '', '', '', '', '', '', '');
/*!40000 ALTER TABLE `as_proveedores` ENABLE KEYS */;

-- Volcando estructura para tabla as.as_seguimiento_clientes
DROP TABLE IF EXISTS `as_seguimiento_clientes`;
CREATE TABLE IF NOT EXISTS `as_seguimiento_clientes` (
  `PK_COD_SEGUIMIENTO` int(11) NOT NULL AUTO_INCREMENT COMMENT 'CODIGO ÚNICO DEL CASO DE SEGUIMIENTO Y SERVICIO AL CLIENTE [ABR: CODSEGUI]',
  `ID_VENTA` int(11) NOT NULL COMMENT 'IDENTIFICADOR DE LA VENTA A LA QUE SE LE ESTA DANDO SEGUIMIENTO',
  `ID_CLIENTE` int(11) NOT NULL COMMENT 'IDENTIFICADOR DEL CLIENTE QUE REALIZO LA COMPRA',
  `FEC_SEGUIMIENTO` date NOT NULL COMMENT 'FECHA QUE SE REGISTRA EL SEGUIMIENTO',
  `DET_RESEÑA` text COLLATE utf8_spanish2_ci COMMENT 'DETALLE DE LA RESEÑA O CRITICA DEL CLIENTE',
  `NUM_CALIFICACION` int(2) NOT NULL COMMENT 'NUMERO DE LA CALIFICACION DEL 1 A 10 DADA POR EL CLIENTE',
  `ELIMINAR` int(11) DEFAULT NULL,
  PRIMARY KEY (`PK_COD_SEGUIMIENTO`),
  KEY `IDX_SEGUICLIENT_1` (`ID_CLIENTE`),
  CONSTRAINT `FK_SEGUICLIENT_CLIENTES` FOREIGN KEY (`ID_CLIENTE`) REFERENCES `as_clientes` (`PK_COD_CLIENTE`) ON DELETE CASCADE ON UPDATE CASCADE
) ENGINE=InnoDB AUTO_INCREMENT=6 DEFAULT CHARSET=utf8 COLLATE=utf8_spanish2_ci COMMENT='TABLA CON EL REGISTRO DE LAS CRITICAS DE TODOS LOS CLIENTES [ABR:SEGUICLIENT]';

-- Volcando datos para la tabla as.as_seguimiento_clientes: ~5 rows (aproximadamente)
/*!40000 ALTER TABLE `as_seguimiento_clientes` DISABLE KEYS */;
INSERT INTO `as_seguimiento_clientes` (`PK_COD_SEGUIMIENTO`, `ID_VENTA`, `ID_CLIENTE`, `FEC_SEGUIMIENTO`, `DET_RESEÑA`, `NUM_CALIFICACION`, `ELIMINAR`) VALUES
	(1, 1, 1, '2022-03-15', 'XXXX', 8, 1);
INSERT INTO `as_seguimiento_clientes` (`PK_COD_SEGUIMIENTO`, `ID_VENTA`, `ID_CLIENTE`, `FEC_SEGUIMIENTO`, `DET_RESEÑA`, `NUM_CALIFICACION`, `ELIMINAR`) VALUES
	(2, 1, 1, '2022-03-15', 'XXXX', 7, 1);
INSERT INTO `as_seguimiento_clientes` (`PK_COD_SEGUIMIENTO`, `ID_VENTA`, `ID_CLIENTE`, `FEC_SEGUIMIENTO`, `DET_RESEÑA`, `NUM_CALIFICACION`, `ELIMINAR`) VALUES
	(3, 1, 1, '2022-03-15', 'XXXX', 8, 0);
INSERT INTO `as_seguimiento_clientes` (`PK_COD_SEGUIMIENTO`, `ID_VENTA`, `ID_CLIENTE`, `FEC_SEGUIMIENTO`, `DET_RESEÑA`, `NUM_CALIFICACION`, `ELIMINAR`) VALUES
	(4, 1, 1, '2022-03-16', 'AAAAAAAAAAAAA', 7, 1);
INSERT INTO `as_seguimiento_clientes` (`PK_COD_SEGUIMIENTO`, `ID_VENTA`, `ID_CLIENTE`, `FEC_SEGUIMIENTO`, `DET_RESEÑA`, `NUM_CALIFICACION`, `ELIMINAR`) VALUES
	(5, 1, 1, '2022-03-16', 'AAAAAAAAAAAAA', 7, 0);
/*!40000 ALTER TABLE `as_seguimiento_clientes` ENABLE KEYS */;

-- Volcando estructura para tabla as.as_tipos_identificaciones
DROP TABLE IF EXISTS `as_tipos_identificaciones`;
CREATE TABLE IF NOT EXISTS `as_tipos_identificaciones` (
  `PK_COD_TIPO_IDENTIFICACION` int(11) NOT NULL AUTO_INCREMENT COMMENT 'CODIGO IDENTIFICADOR ÚNICO DE LA TABLA [ABR:CODTIPID]',
  `NOM_TIPO_IDENTIFICACION` varchar(45) COLLATE utf8_spanish2_ci NOT NULL COMMENT 'NOMBRE CORTO DESCRIPTIVO DE CADA TIPO DE IDENTIFICACION',
  `DET_TIPO_IDENTIFICACION` text COLLATE utf8_spanish2_ci COMMENT 'DETALLE COMPLETO DE CADA TIPO DE IDENTIFICACION',
  PRIMARY KEY (`PK_COD_TIPO_IDENTIFICACION`)
) ENGINE=InnoDB AUTO_INCREMENT=6 DEFAULT CHARSET=utf8 COLLATE=utf8_spanish2_ci COMMENT='TABLA CON LOS REGISTROS DE LOS TIPOS DE IDENTIFICACIONES VALIDAS EN EL PAIS [ABR:TIPOSDEIDNTS]';

-- Volcando datos para la tabla as.as_tipos_identificaciones: ~5 rows (aproximadamente)
/*!40000 ALTER TABLE `as_tipos_identificaciones` DISABLE KEYS */;
INSERT INTO `as_tipos_identificaciones` (`PK_COD_TIPO_IDENTIFICACION`, `NOM_TIPO_IDENTIFICACION`, `DET_TIPO_IDENTIFICACION`) VALUES
	(1, 'IDENTIDAD', 'DOCUMENTO NACIONAL DE IDENTIFICACION OFICIAL');
INSERT INTO `as_tipos_identificaciones` (`PK_COD_TIPO_IDENTIFICACION`, `NOM_TIPO_IDENTIFICACION`, `DET_TIPO_IDENTIFICACION`) VALUES
	(2, 'PASAPORTE', NULL);
INSERT INTO `as_tipos_identificaciones` (`PK_COD_TIPO_IDENTIFICACION`, `NOM_TIPO_IDENTIFICACION`, `DET_TIPO_IDENTIFICACION`) VALUES
	(3, 'PARTIDA DE NACIMIENTO', NULL);
INSERT INTO `as_tipos_identificaciones` (`PK_COD_TIPO_IDENTIFICACION`, `NOM_TIPO_IDENTIFICACION`, `DET_TIPO_IDENTIFICACION`) VALUES
	(4, 'RTN', NULL);
INSERT INTO `as_tipos_identificaciones` (`PK_COD_TIPO_IDENTIFICACION`, `NOM_TIPO_IDENTIFICACION`, `DET_TIPO_IDENTIFICACION`) VALUES
	(5, 'CARNET DE CONDUCIR', NULL);
/*!40000 ALTER TABLE `as_tipos_identificaciones` ENABLE KEYS */;

-- Volcando estructura para tabla as.as_usuarios_sistema
DROP TABLE IF EXISTS `as_usuarios_sistema`;
CREATE TABLE IF NOT EXISTS `as_usuarios_sistema` (
  `PK_ID_USUARIO` int(11) NOT NULL AUTO_INCREMENT COMMENT 'IDENTIFICADOR UNICO DE LA TABLA [ABR:IDUSUSTM]',
  `NOM_USUARIO` varchar(30) COLLATE utf8_spanish2_ci NOT NULL COMMENT 'NOMBRE DE USUARIO EN EL SISTEMA',
  `PASS_USUARIO` varchar(100) COLLATE utf8_spanish2_ci NOT NULL COMMENT 'CONTRASEÑA CIFRADA DE ACCESO AL SISTEMA',
  `IMG_USUARIO` varchar(80) COLLATE utf8_spanish2_ci DEFAULT NULL COMMENT 'IMAGEN DEL USUARIO EN EL SISTEMA',
  `EST_USUARIO` varchar(10) COLLATE utf8_spanish2_ci NOT NULL COMMENT 'ESTADO DEL USUARIO EN EL SISTEMA (ACTIVO E INACTIVO)',
  `ID_EMPLEADO` int(11) NOT NULL COMMENT 'IDENTIFICADOR UNICO DE LOS DATOS DEL USUARIO EN SISTEMA',
  `URL_ACCESO` text COLLATE utf8_spanish2_ci,
  PRIMARY KEY (`PK_ID_USUARIO`),
  KEY `IDX_USUARIOSSTM_1` (`ID_EMPLEADO`),
  CONSTRAINT `FK_USUARIOSSTM_EMPL` FOREIGN KEY (`ID_EMPLEADO`) REFERENCES `as_empleados` (`PK_COD_EMPLEADO`) ON DELETE CASCADE ON UPDATE CASCADE
) ENGINE=InnoDB AUTO_INCREMENT=13 DEFAULT CHARSET=utf8 COLLATE=utf8_spanish2_ci COMMENT='TABLA CON LOS DATOS DE TODOS LOS USUARIO REGISTRADOS EN EL SISTEMA [ABR:USUARIOSSTM]';

-- Volcando datos para la tabla as.as_usuarios_sistema: ~12 rows (aproximadamente)
/*!40000 ALTER TABLE `as_usuarios_sistema` DISABLE KEYS */;
INSERT INTO `as_usuarios_sistema` (`PK_ID_USUARIO`, `NOM_USUARIO`, `PASS_USUARIO`, `IMG_USUARIO`, `EST_USUARIO`, `ID_EMPLEADO`, `URL_ACCESO`) VALUES
	(1, 'danielposas', 'QWERTYUIOPASDFGHJKLZXCVBNM', 'NINGUNA', 'ACTIVO', 1, NULL);
INSERT INTO `as_usuarios_sistema` (`PK_ID_USUARIO`, `NOM_USUARIO`, `PASS_USUARIO`, `IMG_USUARIO`, `EST_USUARIO`, `ID_EMPLEADO`, `URL_ACCESO`) VALUES
	(2, 'juangabriel', '$2b$10$r3IuAGgrjiOIuz5Yy3YHCeuBsfs4pTXft.IzlQFbi9M7vO7THmhBy', 'Ruta nueva', 'ACTIVO', 1, NULL);
INSERT INTO `as_usuarios_sistema` (`PK_ID_USUARIO`, `NOM_USUARIO`, `PASS_USUARIO`, `IMG_USUARIO`, `EST_USUARIO`, `ID_EMPLEADO`, `URL_ACCESO`) VALUES
	(3, 'mariagarcia', '$2b$10$r9.d5.XNiIX6.bRfaHesQuyAxdpksEwpMXRkSPkDO0Jlo6BfkAD0W', 'views/img/usuarios/3_936.png', 'ACTIVO', 2, NULL);
INSERT INTO `as_usuarios_sistema` (`PK_ID_USUARIO`, `NOM_USUARIO`, `PASS_USUARIO`, `IMG_USUARIO`, `EST_USUARIO`, `ID_EMPLEADO`, `URL_ACCESO`) VALUES
	(4, 'JDUIEOJV', 'UHIWHOIB', 'NINGUNA', 'INACTIVO', 4, NULL);
INSERT INTO `as_usuarios_sistema` (`PK_ID_USUARIO`, `NOM_USUARIO`, `PASS_USUARIO`, `IMG_USUARIO`, `EST_USUARIO`, `ID_EMPLEADO`, `URL_ACCESO`) VALUES
	(5, 'marianomunguia', '$2b$10$ydjFzY7lW4ekZSgaYHP71eWsxQFqs/cBuE3YqIEYtOBI5FMYQL9Iq', 'views/img/default-150x150.png', 'ACTIVO', 7, NULL);
INSERT INTO `as_usuarios_sistema` (`PK_ID_USUARIO`, `NOM_USUARIO`, `PASS_USUARIO`, `IMG_USUARIO`, `EST_USUARIO`, `ID_EMPLEADO`, `URL_ACCESO`) VALUES
	(6, 'marianomunguia8', '$2b$10$sDmx/xFCdR8TzW3Y.pYrnuyAG7IqKCbm38waX6reRuiTSyJ2fuUDy', 'views/img/default-150x150.png', 'ACTIVO', 8, '$2b$10$sDmx/xFCdR8TzW3Y.pYrnuyAG7IqKCbm38waX6reRuiTSyJ2fuUDy');
INSERT INTO `as_usuarios_sistema` (`PK_ID_USUARIO`, `NOM_USUARIO`, `PASS_USUARIO`, `IMG_USUARIO`, `EST_USUARIO`, `ID_EMPLEADO`, `URL_ACCESO`) VALUES
	(7, 'marianomunguia9', '$2b$10$Kfdoz7UCLjwO8BdyHI7MjOAnqMN9zOkpQpQu8PtKa/dBwPR60/Ihe', 'views/img/default-150x150.png', 'ACTIVO', 9, '$2b$10$Kfdoz7UCLjwO8BdyHI7MjOAnqMN9zOkpQpQu8PtKa/dBwPR60/Ihe');
INSERT INTO `as_usuarios_sistema` (`PK_ID_USUARIO`, `NOM_USUARIO`, `PASS_USUARIO`, `IMG_USUARIO`, `EST_USUARIO`, `ID_EMPLEADO`, `URL_ACCESO`) VALUES
	(8, 'marianomunguia10', '$2b$10$u9erHumlK.zxWkD7f5FNhuXbjvc8dBjP39xTEr11oAF/SSmJHRxfq', 'views/img/default-150x150.png', 'ACTIVO', 10, '$2b$10$u9erHumlK.zxWkD7f5FNhuXbjvc8dBjP39xTEr11oAF/SSmJHRxfq');
INSERT INTO `as_usuarios_sistema` (`PK_ID_USUARIO`, `NOM_USUARIO`, `PASS_USUARIO`, `IMG_USUARIO`, `EST_USUARIO`, `ID_EMPLEADO`, `URL_ACCESO`) VALUES
	(9, 'marianomunguia11', '$2b$10$kf2s3YCqZSQ.I3lcsl5Lg.C2j1bY32lxlxBTlYUV9TGkPK0AlUnXa', 'views/img/default-150x150.png', 'ACTIVO', 11, '$2b$10$kf2s3YCqZSQ.I3lcsl5Lg.C2j1bY32lxlxBTlYUV9TGkPK0AlUnXa');
INSERT INTO `as_usuarios_sistema` (`PK_ID_USUARIO`, `NOM_USUARIO`, `PASS_USUARIO`, `IMG_USUARIO`, `EST_USUARIO`, `ID_EMPLEADO`, `URL_ACCESO`) VALUES
	(10, 'juanamurillo12', '$2b$10$jus.JbqBWy5VUF3XQrJFYu7oqnf/xbvwGJA.cT./AN16Zi9RUUR8C', 'views/img/default-150x150.png', 'ACTIVO', 12, '$2b$10$jus.JbqBWy5VUF3XQrJFYu7oqnf/xbvwGJA.cT./AN16Zi9RUUR8C');
INSERT INTO `as_usuarios_sistema` (`PK_ID_USUARIO`, `NOM_USUARIO`, `PASS_USUARIO`, `IMG_USUARIO`, `EST_USUARIO`, `ID_EMPLEADO`, `URL_ACCESO`) VALUES
	(11, 'juanamurillo13', '$2b$10$ud0O6I2cJJfgLyh6FlgWdeg/1s1QP/rGcUpZSZJDpMzPc/jzchS/G', 'views/img/default-150x150.png', 'ACTIVO', 13, '$2b$10$ud0O6I2cJJfgLyh6FlgWdeg/1s1QP/rGcUpZSZJDpMzPc/jzchS/G');
INSERT INTO `as_usuarios_sistema` (`PK_ID_USUARIO`, `NOM_USUARIO`, `PASS_USUARIO`, `IMG_USUARIO`, `EST_USUARIO`, `ID_EMPLEADO`, `URL_ACCESO`) VALUES
	(12, 'evelinponce14', '$2b$10$KDZMpTg4XjGL7Hb9ugDjtO/dmri8HnAHr7zZ0KhvxvcI4okUC10Yy', 'views/img/default-150x150.png', 'ACTIVO', 14, '$2b$10$KDZMpTg4XjGL7Hb9ugDjtO/dmri8HnAHr7zZ0KhvxvcI4okUC10Yy');
/*!40000 ALTER TABLE `as_usuarios_sistema` ENABLE KEYS */;

-- Volcando estructura para tabla as.as_ventas
DROP TABLE IF EXISTS `as_ventas`;
CREATE TABLE IF NOT EXISTS `as_ventas` (
  `PK_COD_VENTA` int(11) NOT NULL AUTO_INCREMENT COMMENT 'CODIGO UNICO DE CADA REGISTRO',
  `NO_FACTURA` varchar(45) COLLATE utf8_spanish2_ci DEFAULT NULL COMMENT 'NUMERO DE FACTURA (SEGUN LA LEY)',
  `COD_COTIZACION` int(11) NOT NULL COMMENT 'CODIGO UNICO ASOCIADO A LA COTIZACION',
  `COD_ORDEN_TRABAJO` int(11) NOT NULL COMMENT 'CODIGO UNICO ASOCIADO A LA ORDEN DE TRABAJO',
  `ID_USUARIO_VENTA` int(11) NOT NULL COMMENT 'IDENTIFICADOR DEL USUARIO QUE REALIZA LA VENTA',
  `FEC_VENTA` date NOT NULL COMMENT 'FECHA DE LA VENTA',
  `HORA_VENTA` time NOT NULL COMMENT 'HORA DE LA VENTA',
  `TIPO_PAGO` varchar(20) COLLATE utf8_spanish2_ci NOT NULL COMMENT 'TIPO DE PAGO (CONTADO, CREDITO)',
  `COD_METODO_PAGO` int(11) NOT NULL COMMENT 'CODIGO UNICO DEL METODO DE PAGO',
  `SUBTOTAL` decimal(7,2) NOT NULL COMMENT 'SUBOTOTAL DE LA VENTA',
  `DESCUENTO` decimal(7,2) DEFAULT NULL COMMENT 'DESCUENTO OTORGADO',
  `ISV` decimal(7,2) NOT NULL COMMENT 'IMPUESTO SOBRE VENTA',
  `TOTAL_PAGAR` decimal(7,2) NOT NULL COMMENT 'TOTAL A PAGAR DE LA VENTA',
  PRIMARY KEY (`PK_COD_VENTA`),
  KEY `IDX_VENTAS_1` (`COD_METODO_PAGO`),
  KEY `IDX_VENTAS_2` (`ID_USUARIO_VENTA`),
  KEY `IDX_VENTAS_3` (`COD_ORDEN_TRABAJO`),
  KEY `IDX_VENTAS_4` (`COD_COTIZACION`),
  CONSTRAINT `FK_VENTAS_COTIZACIONES` FOREIGN KEY (`COD_COTIZACION`) REFERENCES `as_cotizaciones` (`PK_COD_COTIZACION`) ON DELETE CASCADE ON UPDATE CASCADE,
  CONSTRAINT `FK_VENTAS_METPAGOS` FOREIGN KEY (`COD_METODO_PAGO`) REFERENCES `as_metodos_pagos` (`PK_COD_METODO_PAGO`) ON DELETE CASCADE ON UPDATE CASCADE,
  CONSTRAINT `FK_VENTAS_ORDENTRABAJ` FOREIGN KEY (`COD_ORDEN_TRABAJO`) REFERENCES `as_ordenes_trabajo` (`PK_COD_ORDEN_TRABAJO`) ON DELETE CASCADE ON UPDATE CASCADE,
  CONSTRAINT `FK_VENTAS_USUARIOSSTM` FOREIGN KEY (`ID_USUARIO_VENTA`) REFERENCES `as_usuarios_sistema` (`PK_ID_USUARIO`) ON DELETE CASCADE ON UPDATE CASCADE
) ENGINE=InnoDB DEFAULT CHARSET=utf8 COLLATE=utf8_spanish2_ci COMMENT='TABLA QUE REGISTRA LAS VENTAS EN EL SISTEMA [ABR: VENTAS]';

-- Volcando datos para la tabla as.as_ventas: ~0 rows (aproximadamente)
/*!40000 ALTER TABLE `as_ventas` DISABLE KEYS */;
/*!40000 ALTER TABLE `as_ventas` ENABLE KEYS */;

-- Volcando estructura para procedimiento as.AS_MATERIAL_COMPRA_PROVEEDOR_ACTUALIZAR_PRECIO
DROP PROCEDURE IF EXISTS `AS_MATERIAL_COMPRA_PROVEEDOR_ACTUALIZAR_PRECIO`;
DELIMITER //
CREATE PROCEDURE `AS_MATERIAL_COMPRA_PROVEEDOR_ACTUALIZAR_PRECIO`(IN PRECIO DECIMAL(7, 2))
BEGIN
UPDATE
    AS_MATERIAL_COMPRA_PROVEEDOR
SET
    PRECIO_COMPRA = PRECIO
WHERE
    PK_COD_MCP = COD;
    END//
DELIMITER ;

-- Volcando estructura para procedimiento as.AS_MATERIAL_COMPRA_PROVEEDOR_AGREGAR_PRECIO
DROP PROCEDURE IF EXISTS `AS_MATERIAL_COMPRA_PROVEEDOR_AGREGAR_PRECIO`;
DELIMITER //
CREATE PROCEDURE `AS_MATERIAL_COMPRA_PROVEEDOR_AGREGAR_PRECIO`(IN PRECIO DECIMAL(7, 2))
BEGIN
INSERT INTO
    AS_MATERIAL_COMPRA_PROVEEDOR (PRECIO_COMPRA)
VALUES
    (PRECIO);
    END//
DELIMITER ;

-- Volcando estructura para procedimiento as.AS_MATERIAL_COMPRA_PROVEEDOR_ELIMINAR_INVENTARIO
DROP PROCEDURE IF EXISTS `AS_MATERIAL_COMPRA_PROVEEDOR_ELIMINAR_INVENTARIO`;
DELIMITER //
CREATE PROCEDURE `AS_MATERIAL_COMPRA_PROVEEDOR_ELIMINAR_INVENTARIO`(IN COD INT)
BEGIN
DELETE FROM
    AS_MATERIAL_COMPRA_PROVEEDOR
WHERE
    PK_COD_MCP = COD;
    END//
DELIMITER ;

-- Volcando estructura para procedimiento as.AS_SP_ACTUALIZAR_CATEGORIA
DROP PROCEDURE IF EXISTS `AS_SP_ACTUALIZAR_CATEGORIA`;
DELIMITER //
CREATE PROCEDURE `AS_SP_ACTUALIZAR_CATEGORIA`(
        IN COD INT,
        IN NOMBRE VARCHAR(45),
        IN DETALLE TEXT
    )
BEGIN
UPDATE
    as_categoria_material
SET
    NOM_CATEGORIA = NOMBRE,
    DET_CATEGORIA = DETALLE
WHERE
    PK_COD_CATEGORIA = COD;
    END//
DELIMITER ;

-- Volcando estructura para procedimiento as.AS_SP_ACTUALIZAR_CLIENTES
DROP PROCEDURE IF EXISTS `AS_SP_ACTUALIZAR_CLIENTES`;
DELIMITER //
CREATE PROCEDURE `AS_SP_ACTUALIZAR_CLIENTES`(
        IN TIPO_IDENTIFICACION INT,
        IN NUMERO_IDENTIFICACION VARCHAR(20),
        IN NOMBRE VARCHAR(45),
        IN APELLIDO VARCHAR(45),
        IN EMAIL VARCHAR(50),
        IN TELEFONO VARCHAR(20),
        IN CELULAR VARCHAR(20),
        IN CREDITO INT(1),
        IN LIMITE_CREDITO DECIMAL(7,2),
        IN CODIGO INT
    )
BEGIN
UPDATE
    AS_CLIENTES
SET
    COD_TIPO_IDENTIFICACION = TIPO_IDENTIFICACION,
    NO_IDENTIFICACION = NUMERO_IDENTIFICACION,
    NOM_CLIENTE = NOMBRE,
    APE_CLIENTE = APELLIDO,
    EMAIL = EMAIL,
    TELEFONO = TELEFONO,
    CELULAR = CELULAR,
    CREDITO = CREDITO,
    LIM_CREDITO = LIMITE_CREDITO
WHERE
    (PK_COD_CLIENTE = CODIGO);
END//
DELIMITER ;

-- Volcando estructura para procedimiento as.AS_SP_ACTUALIZAR_COMPRA
DROP PROCEDURE IF EXISTS `AS_SP_ACTUALIZAR_COMPRA`;
DELIMITER //
CREATE PROCEDURE `AS_SP_ACTUALIZAR_COMPRA`(
	IN `COD` INT,
	IN `FACTURA` VARCHAR(30),
	IN `FECHA` DATE,
	IN `SUBTOTAL` DECIMAL(7, 2),
	IN `DESCUENTO` DECIMAL(7, 2),
	IN `ISV` DECIMAL(7, 2),
	IN `TOTAL` DECIMAL(7, 2)
)
BEGIN
UPDATE
    AS_PROVEEDORES
SET
    NO_FACTURA_COMPRA = FACTURA,
    FEC_COMPRA = FECHA,
    SUBTOTAL = SUBTOTAL,
    DESCUENTO = DESCUENTO,
    ISV = ISV,
    TOTAL_PAGAR = TOTAL
WHERE
    PK_COD_COMPRA = COD;
    END//
DELIMITER ;

-- Volcando estructura para procedimiento as.AS_SP_ACTUALIZAR_CUENTAS_CLIENTES
DROP PROCEDURE IF EXISTS `AS_SP_ACTUALIZAR_CUENTAS_CLIENTES`;
DELIMITER //
CREATE PROCEDURE `AS_SP_ACTUALIZAR_CUENTAS_CLIENTES`(
        IN CODIGO INT,
        IN COD_CLIENTE_C INT,
        IN SAL_CUENTAS DECIMAL(7, 2)
    )
BEGIN
UPDATE
    AS_CUENTAS_CLIENTES
SET
    COD_CLIENTE = COD_CLIENTE_C,
    SALDO = SAL_CUENTAS
WHERE
    PK_NO_CUENTA = CODIGO;
    END//
DELIMITER ;

-- Volcando estructura para procedimiento as.AS_SP_ACTUALIZAR_DETALLE_MATERIAL
DROP PROCEDURE IF EXISTS `AS_SP_ACTUALIZAR_DETALLE_MATERIAL`;
DELIMITER //
CREATE PROCEDURE `AS_SP_ACTUALIZAR_DETALLE_MATERIAL`(
        IN AS_PK_COD_ODM INT,
        IN AS_COD_ORDEN_TRABAJO INT,
        IN AS_COD_MATERIAL INT,
        IN AS_CANT_MATERIAL DECIMAL(7, 2)
    )
BEGIN
UPDATE
    AS_ORDENES_DETALLE_MATERIALES
SET
    PK_COD_ODM = AS_PK_COD_ODM,
    COD_ORDEN_TRABAJO = AS_COD_ORDEN_TRABAJO,
    COD_MATERIAL = AS_COD_MATERIAL,
    CANT_MATERIALES = AS_CANT_MATERIALES
WHERE
    PK_COD_ODM = AS_PK_COD_ODM;
    END//
DELIMITER ;

-- Volcando estructura para procedimiento as.AS_SP_ACTUALIZAR_DETALLE_VENTA
DROP PROCEDURE IF EXISTS `AS_SP_ACTUALIZAR_DETALLE_VENTA`;
DELIMITER //
CREATE PROCEDURE `AS_SP_ACTUALIZAR_DETALLE_VENTA`(
        IN AS_PK_COD_CDV INT,
        IN AS_NO_CUENTA INT,
        IN AS_COD_VENTA INT,
        IN AS_FEC_PAGO DATE,
        IN AS_PERIODICIDAD VARCHAR(30),
        IN AS_NO_CUOTAS INT
    )
BEGIN
UPDATE
    AS_VENTAS
SET
    PK_COD_CDV = AS_PK_COD_CDV,
    NO_CUENTA = AS_NO_CUENTA,
    COD_VENTA = AS_COD_VENTA,
    FEC_PAGO = AS_FEC_PAGO,
    PERIODICIDAD = AS_PERIODICIDAD,
    NO_CUOTAS = AS_NO_CUOTAS
WHERE
    PK_COD_CDV = AS_PK_COD_CDV;
    END//
DELIMITER ;

-- Volcando estructura para procedimiento as.AS_SP_ACTUALIZAR_DIRECCIONES_CLIENTES
DROP PROCEDURE IF EXISTS `AS_SP_ACTUALIZAR_DIRECCIONES_CLIENTES`;
DELIMITER //
CREATE PROCEDURE `AS_SP_ACTUALIZAR_DIRECCIONES_CLIENTES`(
        IN CODIGO INT,
        IN COD_CLIENTE_D INT,
        IN DEPARTAMENTO_D VARCHAR(45),
        IN MUNICIPIO_D VARCHAR(45),
        IN CIUDAD_D VARCHAR(45),
        IN BARRIO_COLONIA_D VARCHAR(45),
        IN DETALLE_DIR TEXT
    )
BEGIN
UPDATE
    AS_DIRECCIONES_CLIENTES
SET
    COD_CLIENTE = COD_CLIENTE_D,
    DEPARTAMENTO = DEPARTAMENTO_D,
    MUNICIPIO = MUNICIPIO_D,
    CIUDAD = CIUDAD_D,
    BARRIO_COLONIA = BARRIO_COLONIA_D,
    DET_DIRECCION = DETALLE_DIR
WHERE
    PK_COD_DIRECCION = CODIGO;
    END//
DELIMITER ;

-- Volcando estructura para procedimiento as.AS_SP_ACTUALIZAR_EMPLEADO
DROP PROCEDURE IF EXISTS `AS_SP_ACTUALIZAR_EMPLEADO`;
DELIMITER //
CREATE PROCEDURE `AS_SP_ACTUALIZAR_EMPLEADO`(
	IN `CODIGO` INT,
	IN `NOMBRE` VARCHAR(45),
	IN `APELLIDO` VARCHAR(45),
	IN `FEC_NACIMIENTO` DATE,
	IN `SEXO` VARCHAR(1),
	IN `DIRECCION` TEXT,
	IN `TELEFONO` VARCHAR(20),
	IN `CELULAR` VARCHAR(20),
	IN `EMAIL` VARCHAR(50)
)
BEGIN
 UPDATE as_empleados SET NOMBRE = NOMBRE, APELLIDO = APELLIDO, FEC_NACIMIENTO = FEC_NACIMIENTO, SEXO = SEXO, DIRECCION = DIRECCION, TELEFONO = TELEFONO, CELULAR = CELULAR, EMAIL = EMAIL WHERE PK_COD_EMPLEADO = CODIGO;
END//
DELIMITER ;

-- Volcando estructura para procedimiento as.AS_SP_ACTUALIZAR_INVENTARIO
DROP PROCEDURE IF EXISTS `AS_SP_ACTUALIZAR_INVENTARIO`;
DELIMITER //
CREATE PROCEDURE `AS_SP_ACTUALIZAR_INVENTARIO`(
        IN COD INT,
        IN CODIGO VARCHAR(30),
        IN NOMBRE VARCHAR(45),
        IN DETALLE TEXT,
        IN COD_CAT INT,
        IN PRECIO DECIMAL(7, 2),
        IN EXISTENCIA DECIMAL(7, 2),
        IN MINIMO DECIMAL(7, 2),
        IN MAXIMO DECIMAL(7, 2)
    )
BEGIN
UPDATE
    as_inventario_materiales
SET
    COD_BARRAS = CODIGO,
    NOM_MATERIAL = NOMBRE,
    DET_MATERIAL = DETALLE,
    PRECIO_VENTA = PRECIO,
    EXISTENCIAS = EXISTENCIA,
    MIN_EXISTENCIAS = MINIMO,
    MAX_EXISTENCIAS = MAXIMO
WHERE
    PK_COD_MATERIAL = COD;
    END//
DELIMITER ;

-- Volcando estructura para procedimiento as.AS_SP_ACTUALIZAR_METODO_PAGO
DROP PROCEDURE IF EXISTS `AS_SP_ACTUALIZAR_METODO_PAGO`;
DELIMITER //
CREATE PROCEDURE `AS_SP_ACTUALIZAR_METODO_PAGO`(
        IN AS_PK_COD_METODO_PAGO INT,
        IN AS_NOM_METODO_PAGO VARCHAR(45),
        IN AS_DET_METODO_PAGO TEXT
    )
BEGIN
UPDATE
    AS_ORDENES_DETALLE_MATERIALES
SET
    AS_PK_COD_METODO_PAGO = PK_COD_METODO_PAGO,
    AS_NOM_METODO_PAGO = NOM_METODO_PAGO,
    AS_DET_METODO_PAGO = DET_METODO_PAGO
WHERE
    PK_COD_METODO_PAGO = AS_PK_COD_METODO_PAGO;
    END//
DELIMITER ;

-- Volcando estructura para procedimiento as.AS_SP_ACTUALIZAR_ORDEN_MATERIAL
DROP PROCEDURE IF EXISTS `AS_SP_ACTUALIZAR_ORDEN_MATERIAL`;
DELIMITER //
CREATE PROCEDURE `AS_SP_ACTUALIZAR_ORDEN_MATERIAL`(
        IN AS_PK_COD_ORDEN_TRABAJO INT,
        IN AS_COD_EMPLEADO INT,
        IN AS_COD_COTIZACION INT,
        IN AS_FEC_ENTREGA DATE,
        IN AS_DET_ORDEN_TRABAJO TEXT,
        IN AS_ESTADO VARCHAR(20)
    )
BEGIN
UPDATE
    AS_ORDENES_TRABAJO
SET
    PK_COD_ORDEN_TRABAJO = AS_PK_COD_ODEN_TRABAJO,
    COD_EMPLEADO = AS_COD_EMPLEADO,
    COD_COTIZACION = AS_COD_COTIZACION,
    FEC_ENTREGA = AS_FEC_ENTREGA,
    DET_ORDEN_TRABAJO = AS_DET_ORDEN_TRABAJO,
    ESTADO = AS_ESTADO
WHERE
    PK_COD_CDV = AS_PK_COD_CDV;
    END//
DELIMITER ;

-- Volcando estructura para procedimiento as.AS_SP_ACTUALIZAR_PROVEEDOR
DROP PROCEDURE IF EXISTS `AS_SP_ACTUALIZAR_PROVEEDOR`;
DELIMITER //
CREATE PROCEDURE `AS_SP_ACTUALIZAR_PROVEEDOR`(
	IN `COD` INT,
	IN `RTN` VARCHAR(20),
	IN `NOMBRE` VARCHAR(45),
	IN `DIRECCION` TEXT,
	IN `CORREO` VARCHAR(50),
	IN `TELEFONO` VARCHAR(20),
	IN `FAX` VARCHAR(20),
	IN `CELULAR` VARCHAR(20),
	IN `SITIOWEB` VARCHAR(45),
	IN `ASESOR` VARCHAR(70),
	IN `ASESORCORREO` VARCHAR(50),
	IN `ASESORCEL` VARCHAR(20)
)
BEGIN
UPDATE
    AS_PROVEEDORES
SET
    RTN_PROVEEDOR = RTN,
    NOM_PROVEEDOR = NOMBRE,
    DIRECCION = DIRECCION,
    EMAIL = CORREO,
    TELEFONO = TELEFONO,
    FAX = FAX,
    CELULAR = CELULAR,
    SITIO_WEB = SITIOWEB,
    ASESOR_VENTAS = ASESOR,
    EMAIL_ASESOR_VENTAS = ASESORCORREO,
    CELULAR_ASESOR_VENTAS = ASESORCEL
WHERE
    PK_COD_PROVEEDOR = COD;
    END//
DELIMITER ;

-- Volcando estructura para procedimiento as.AS_SP_ACTUALIZAR_SEGUIMIENTO
DROP PROCEDURE IF EXISTS `AS_SP_ACTUALIZAR_SEGUIMIENTO`;
DELIMITER //
CREATE PROCEDURE `AS_SP_ACTUALIZAR_SEGUIMIENTO`(
	IN `CODIGO` INT,
	IN `ID_VENTA` INT,
	IN `ID_CLIENTE` INT,
	IN `DET_RESEÑA` TEXT,
	IN `NUM_CALIFICACION` INT
)
BEGIN
UPDATE as_seguimiento_clientes SET 
ID_VENTA = ID_VENTA,
ID_CLIENTE = ID_CLIENTE,
DET_RESEÑA = DET_RESEÑA,
NUM_CALIFICACION = NUM_CALIFICACION
WHERE PK_COD_SEGUIMIENTO = CODIGO;
END//
DELIMITER ;

-- Volcando estructura para procedimiento as.AS_SP_ACTUALIZAR_TIPO_IDENTIFICACIONES
DROP PROCEDURE IF EXISTS `AS_SP_ACTUALIZAR_TIPO_IDENTIFICACIONES`;
DELIMITER //
CREATE PROCEDURE `AS_SP_ACTUALIZAR_TIPO_IDENTIFICACIONES`(
        IN CODIGO INT,
        IN IDENTIFICACION VARCHAR(45),
        IN DETALLE VARCHAR(45)
    )
BEGIN
UPDATE
    AS_TIPOS_IDENTIFICACIONES
SET
    NOM_TIPO_IDENTIFICACION = IDENTIFICACION,
    DET_TIPO_IDENTIFICACION = DETALLE
WHERE
    PK_COD_TIPO_IDENTIFICACION = CODIGO;
    END//
DELIMITER ;

-- Volcando estructura para procedimiento as.AS_SP_ACTUALIZAR_USUARIO
DROP PROCEDURE IF EXISTS `AS_SP_ACTUALIZAR_USUARIO`;
DELIMITER //
CREATE PROCEDURE `AS_SP_ACTUALIZAR_USUARIO`(IN ID INT, IN NOMBRE VARCHAR(30), IN PASS VARCHAR(100), IN IMG VARCHAR(80), IN ESTADO VARCHAR(10), IN COD_EMPLEADO INT, IN USUARIO INT)
BEGIN 
	-- ACTUALIZAR EL USUARIO
	UPDATE AS_USUARIOS_SISTEMA SET NOM_USUARIO = NOMBRE, PASS_USUARIO = PASS, IMG_USUARIO = IMG, EST_USUARIO = ESTADO, ID_EMPLEADO = COD_EMPLEADO WHERE PK_ID_USUARIO = ID;
    -- REGISTRO DE LA CREACIÓN DEL USUARIO EN LA BITACORA
    INSERT INTO AS_BITACORA_SISTEMA VALUES (NULL, USUARIO, "USUARIO ACTUALIZADO", "SE HA REGISTADO UN CAMBIO EN LOS DATOS DEL USUARIO EN EL SISTEMA", CURRENT_DATE(), CURRENT_TIME());
END//
DELIMITER ;

-- Volcando estructura para procedimiento as.AS_SP_ACTUALIZAR_VENTA
DROP PROCEDURE IF EXISTS `AS_SP_ACTUALIZAR_VENTA`;
DELIMITER //
CREATE PROCEDURE `AS_SP_ACTUALIZAR_VENTA`(
	IN `AS_COD_VENTA` INT,
	IN `AS_NO_FACTURA` VARCHAR (45),
	IN `AS_COD_COTIZACION` INT,
	IN `AS_COD_ORDEN_TRABAJO` INT,
	IN `AS_ID_USUARIO_VENTA` INT,
	IN `AS_TIPO_PAGO` VARCHAR(20),
	IN `AS_COD_METODO_PAGO` INT,
	IN `AS_SUBTOTAL` DECIMAL(7,2),
	IN `AS_DESCUENTO` DECIMAL(7,2),
	IN `AS_ISV` DECIMAL(7,2),
	IN `AS_TOTAL_PAGAR` DECIMAL(7,2)
)
BEGIN
UPDATE
    AS_VENTAS
SET
    NO_FACTURA = AS_NO_FACTURA,
    COD_COTIZACION = AS_COD_COTIZACION,
    COD_ORDEN_TRABAJO = AS_COD_ORDEN_TRABAJO,
    ID_USUARIO_VENTA = AS_ID_USUARIO_VENTA,
    TIPO_PAGO = AS_TIPO_PAGO,
    COD_METODO_PAGO = AS_COD_METODO_PAGO,
    SUBTOTAL = AS_SUBTOTAL,
    DESCUENTO = AS_DESCUENTO,
    ISV = AS_ISV,
    TOTAL_PAGAR = AS_TOTAL_PAGAR
WHERE
    PK_COD_VENTA = AS_COD_VENTA;
END//
DELIMITER ;

-- Volcando estructura para procedimiento as.AS_SP_AGREGAR_ACCESO_SISTEMA
DROP PROCEDURE IF EXISTS `AS_SP_AGREGAR_ACCESO_SISTEMA`;
DELIMITER //
CREATE PROCEDURE `AS_SP_AGREGAR_ACCESO_SISTEMA`(
	IN `NOMBRE` VARCHAR(75),
	IN `DETALLE` TEXT
)
BEGIN
INSERT INTO as_acceso_sistema VALUE (NULL, NOMBRE, DETALLE);
END//
DELIMITER ;

-- Volcando estructura para procedimiento as.AS_SP_AGREGAR_CATEGORIA
DROP PROCEDURE IF EXISTS `AS_SP_AGREGAR_CATEGORIA`;
DELIMITER //
CREATE PROCEDURE `AS_SP_AGREGAR_CATEGORIA`(IN NOMBRE VARCHAR(45), IN DETALLE TEXT)
BEGIN
INSERT INTO
    as_categoria_material (NOM_CATEGORIA, DET_CATEGORIA)
VALUES
    (NOMBRE, DETALLE);
    END//
DELIMITER ;

-- Volcando estructura para procedimiento as.AS_SP_AGREGAR_CLIENTES
DROP PROCEDURE IF EXISTS `AS_SP_AGREGAR_CLIENTES`;
DELIMITER //
CREATE PROCEDURE `AS_SP_AGREGAR_CLIENTES`(IN TIPO_IDENTIFICACION INT, IN NUMERO_IDENTIFICACION VARCHAR(45), IN NOMBRE VARCHAR(45), IN APELLIDO VARCHAR(45), IN EMAIL VARCHAR(50),IN TELEFONO VARCHAR(25), IN CELULAR VARCHAR(25), IN CREDITO INT(1), IN LIMITE_CREDITO DECIMAL(7, 2))
BEGIN
INSERT INTO AS_CLIENTES VALUES (NULL, TIPO_IDENTIFICACION, NUMERO_IDENTIFICACION, NOMBRE, APELLIDO, EMAIL, TELEFONO, CELULAR, CREDITO, LIMITE_CREDITO );
END//
DELIMITER ;

-- Volcando estructura para procedimiento as.AS_SP_AGREGAR_COMPRA
DROP PROCEDURE IF EXISTS `AS_SP_AGREGAR_COMPRA`;
DELIMITER //
CREATE PROCEDURE `AS_SP_AGREGAR_COMPRA`(
	IN `FACTURA` VARCHAR(30),
	IN `FECHA` DATE,
	IN `SUBTOTAL` DECIMAL(7, 2),
	IN `DESCUENTO` DECIMAL(7, 2),
	IN `ISV` DECIMAL(7, 2),
	IN `TOTAL` DECIMAL(7, 2)
)
BEGIN
INSERT INTO
    AS_PROVEEDORES (
        NO_FACTURA_COMPRA,
        FEC_COMPRA,
        SUBTOTAL,
        DESCUENTO,
        ISV,
        TOTAL_PAGAR
    )
VALUES
    (FACTURA, FECHA, SUBTOTAL, DESCUENTO, ISV, TOTAL);
    END//
DELIMITER ;

-- Volcando estructura para procedimiento as.AS_SP_AGREGAR_CUENTAS
DROP PROCEDURE IF EXISTS `AS_SP_AGREGAR_CUENTAS`;
DELIMITER //
CREATE PROCEDURE `AS_SP_AGREGAR_CUENTAS`(
        IN COD_CLIENTE_C INT,
        IN SAL_CUENTAS DECIMAL(7, 2)
    )
BEGIN
INSERT INTO
    AS_CUENTAS_CLIENTES (COD_CLIENTE, SALDO)
VALUES
    (COD_CLIENTE_C, SAL_CUENTAS);
    END//
DELIMITER ;

-- Volcando estructura para procedimiento as.AS_SP_AGREGAR_DETALLE_COTIZACION
DROP PROCEDURE IF EXISTS `AS_SP_AGREGAR_DETALLE_COTIZACION`;
DELIMITER //
CREATE PROCEDURE `AS_SP_AGREGAR_DETALLE_COTIZACION`(
	IN `COTIZACION` INT,
	IN `PRODUCTO` INT,
	IN `CANTIDAD` INT,
	IN `PRECIO` DECIMAL(7,2)
)
BEGIN
INSERT INTO as_detalles_cotizaciones VALUES (NULL, COTIZACION, PRODUCTO, CANTIDAD, PRECIO, (CANTIDAD * PRECIO));
END//
DELIMITER ;

-- Volcando estructura para procedimiento as.AS_SP_AGREGAR_DETALLE_VENTA
DROP PROCEDURE IF EXISTS `AS_SP_AGREGAR_DETALLE_VENTA`;
DELIMITER //
CREATE PROCEDURE `AS_SP_AGREGAR_DETALLE_VENTA`(
        IN NO_CUENTA INT,
        IN COD_VENTA INT,
        IN FEC_PAGO DATE,
        IN PERIODICIDAD VARCHAR(30),
        IN NO_CUOTAS INT
    )
BEGIN
INSERT INTO
    AS_CUENTAS_DETALLE_VENTAS
VALUES
    (
        NULL,
        NO_CUENTA,
        COD_VENTA,
        FEC_PAGO,
        PERIODICIDAD,
        NO_CUOTAS
    );
    END//
DELIMITER ;

-- Volcando estructura para procedimiento as.AS_SP_AGREGAR_DIRECCIONES
DROP PROCEDURE IF EXISTS `AS_SP_AGREGAR_DIRECCIONES`;
DELIMITER //
CREATE PROCEDURE `AS_SP_AGREGAR_DIRECCIONES`(
        IN COD_CLIENTE_D INT,
        IN DEPARTAMENTO_D VARCHAR(45),
        IN MUNICIPIO_D VARCHAR(45),
        IN CIUDAD_D VARCHAR(45),
        IN BARRIO_COLONIA_D VARCHAR(45),
        IN DETALLE_DIR TEXT
    )
BEGIN
INSERT INTO
    AS_DIRECCIONES_CLIENTES (
        COD_CLIENTE,
        DEPARTAMENTO,
        MUNICIPIO,
        CIUDAD,
        BARRIO_COLONIA,
        DET_DIRECCION
    )
VALUES
    (
        COD_CLIENTE_D,
        DEPARTAMENTO_D,
        MUNICIPIO_D,
        CIUDAD_D,
        BARRIO_COLONIA_D,
        DETALLE_DIR
    );
    END//
DELIMITER ;

-- Volcando estructura para procedimiento as.AS_SP_AGREGAR_EMPLEADO
DROP PROCEDURE IF EXISTS `AS_SP_AGREGAR_EMPLEADO`;
DELIMITER //
CREATE PROCEDURE `AS_SP_AGREGAR_EMPLEADO`(
	IN `NOMBRE` VARCHAR(45),
	IN `APELLIDO` VARCHAR(45),
	IN `FEC_NACIMIENTO` DATE,
	IN `SEXO` VARCHAR(1),
	IN `DIRECCION` TEXT,
	IN `TELEFONO` VARCHAR(25),
	IN `CELULAR` VARCHAR(25),
	IN `EMAIL` VARCHAR(50)
)
BEGIN
INSERT INTO as_empleados VALUES (NULL, NOMBRE, APELLIDO, FEC_NACIMIENTO, SEXO, DIRECCION, TELEFONO, CELULAR, EMAIL);
END//
DELIMITER ;

-- Volcando estructura para procedimiento as.AS_SP_AGREGAR_INVENTARIO
DROP PROCEDURE IF EXISTS `AS_SP_AGREGAR_INVENTARIO`;
DELIMITER //
CREATE PROCEDURE `AS_SP_AGREGAR_INVENTARIO`(
        IN CODIGO VARCHAR(30),
        IN NOMBRE VARCHAR(45),
        IN DETALLE TEXT,
        IN PRECIO DECIMAL(7, 2),
        IN EXISTENCIA DECIMAL(7, 2),
        IN MINIMO DECIMAL(7, 2),
        IN MAXIMO DECIMAL(7, 2)
    )
BEGIN
INSERT INTO
    as_inventario_materiales (
        COD_BARRAS,
        NOM_MATERIAL,
        DET_MATERIAL,
        PRECIO_VENTA,
        EXISTENCIAS,
        MIN_EXISTENCIAS,
        MAX_EXISTENCIAS
    )
VALUES
    (
        CODIGO,
        NOMBRE,
        DETALLE,
        PRECIO,
        EXISTENCIA,
        MINIMO,
        MAXIMO
    );
    END//
DELIMITER ;

-- Volcando estructura para procedimiento as.AS_SP_AGREGAR_METODO_PAGO
DROP PROCEDURE IF EXISTS `AS_SP_AGREGAR_METODO_PAGO`;
DELIMITER //
CREATE PROCEDURE `AS_SP_AGREGAR_METODO_PAGO`(
        IN NOM_METODO_PAGO VARCHAR(45),
        IN DET_METODO_PAGO TEXT
    )
BEGIN
INSERT INTO
    AS_METODOS_PAGOS(NOM_METODO_PAGO, DET_METODO_PAGO)
VALUES
    (NOM_METODO_PAGO, DET_METODO_PAGO);
    END//
DELIMITER ;

-- Volcando estructura para procedimiento as.AS_SP_AGREGAR_NUEVA_COTIZACION
DROP PROCEDURE IF EXISTS `AS_SP_AGREGAR_NUEVA_COTIZACION`;
DELIMITER //
CREATE PROCEDURE `AS_SP_AGREGAR_NUEVA_COTIZACION`(
	IN `CLIENTE` INT,
	IN `USUARIO` INT,
	IN `SUBTOTAL` DECIMAL(7,2),
	IN `DESCUENTO` DECIMAL(7,2),
	IN `ISV` DECIMAL(7,2),
	IN `TOTAL` DECIMAL(7,2)
)
BEGIN
INSERT INTO as_cotizaciones VALUES (NULL, CLIENTE, USUARIO, CURRENT_DATE(), CURRENT_TIME(), SUBTOTAL, DESCUENTO, ISV, TOTAL);
END//
DELIMITER ;

-- Volcando estructura para procedimiento as.AS_SP_AGREGAR_ORDEN_MATERIAL
DROP PROCEDURE IF EXISTS `AS_SP_AGREGAR_ORDEN_MATERIAL`;
DELIMITER //
CREATE PROCEDURE `AS_SP_AGREGAR_ORDEN_MATERIAL`(
        IN COD_ORDEN_TRABAJO INT,
        IN COD_MATERIAL INT,
        IN CANT_MATERIAL DECIMAL(7, 2)
    )
BEGIN
INSERT INTO
    AS_ORDENES_TRABAJO
VALUES
    (
        NULL,
        COD_ORDEN_TRABAJO,
        COD_MATERIAL,
        CANT_MATERIAL
    );
    END//
DELIMITER ;

-- Volcando estructura para procedimiento as.AS_SP_AGREGAR_ORDEN_TRABAJO
DROP PROCEDURE IF EXISTS `AS_SP_AGREGAR_ORDEN_TRABAJO`;
DELIMITER //
CREATE PROCEDURE `AS_SP_AGREGAR_ORDEN_TRABAJO`(
        IN COD_EMPLEADO INT,
        IN COD_COTIZACION INT,
        IN FEC_ENTREGA DATE,
        IN DET_ORDEN_TRABAJO TEXT,
        IN ESTADO VARCHAR(20)
    )
BEGIN
INSERT INTO
    AS_ORDENES_TRABAJO
VALUES
    (
        NULL,
        COD_EMPLEADO,
        COD_COTIZACION,
        FEC_ENTREGA,
        DET_ORDEN_TRABAJO,
        ESTADO
    );
    END//
DELIMITER ;

-- Volcando estructura para procedimiento as.AS_SP_AGREGAR_PRODUCTO
DROP PROCEDURE IF EXISTS `AS_SP_AGREGAR_PRODUCTO`;
DELIMITER //
CREATE PROCEDURE `AS_SP_AGREGAR_PRODUCTO`(
	IN `NOMBRE` TEXT,
	IN `DETALLE` TEXT,
	IN `IMAGEN` TEXT,
	IN `PRECIO` DECIMAL(7,2)
)
BEGIN
INSERT INTO as_catalogo VALUES (NULL, NOMBRE, DETALLE, IMAGEN, PRECIO, 0);
END//
DELIMITER ;

-- Volcando estructura para procedimiento as.AS_SP_AGREGAR_PROVEEDOR
DROP PROCEDURE IF EXISTS `AS_SP_AGREGAR_PROVEEDOR`;
DELIMITER //
CREATE PROCEDURE `AS_SP_AGREGAR_PROVEEDOR`(
	IN `RTN` VARCHAR(20),
	IN `NOMBRE` VARCHAR(45),
	IN `DIRECCION` TEXT,
	IN `CORREO` VARCHAR(50),
	IN `TELEFONO` VARCHAR(20),
	IN `FAX` VARCHAR(20),
	IN `CELULAR` VARCHAR(20),
	IN `SITIOWEB` VARCHAR(45),
	IN `ASESOR` VARCHAR(70),
	IN `ASESORCORREO` VARCHAR(50),
	IN `ASESORCEL` VARCHAR(20)
)
BEGIN
INSERT INTO
    AS_PROVEEDORES (
        RTN_PROVEEDOR,
        NOM_PROVEEDOR,
        DIRECCION,
        EMAIL,
        TELEFONO,
        FAX,
        CELULAR,
        SITIO_WEB,
        ASESOR_VENTAS,
        EMAIL_ASESOR_VENTAS,
        CELULAR_ASESOR_VENTAS
    )
VALUES
    (
        RTN,
        NOMBRE,
        DIRECCION,
        CORREO,
        TELEFONO,
        FAX,
        CELULAR,
        SITIOWEB,
        ASESOR,
        ASESORCORREO,
        ASESORCEL
    );
    END//
DELIMITER ;

-- Volcando estructura para procedimiento as.AS_SP_AGREGAR_REGISTRO_BITACORA
DROP PROCEDURE IF EXISTS `AS_SP_AGREGAR_REGISTRO_BITACORA`;
DELIMITER //
CREATE PROCEDURE `AS_SP_AGREGAR_REGISTRO_BITACORA`(IN USUARIO INT, IN ACCION VARCHAR(150), IN DETALLE TEXT)
BEGIN 
	INSERT INTO AS_BITACORA_SISTEMA VALUES (NULL, USUARIO, ACCION, DETALLE, CURRENT_DATE(), CURRENT_TIME());
END//
DELIMITER ;

-- Volcando estructura para procedimiento as.AS_SP_AGREGAR_TIPOS_IDENTIFICACIONES
DROP PROCEDURE IF EXISTS `AS_SP_AGREGAR_TIPOS_IDENTIFICACIONES`;
DELIMITER //
CREATE PROCEDURE `AS_SP_AGREGAR_TIPOS_IDENTIFICACIONES`(
    IN IDENTIFICACION VARCHAR(45),
    IN DETALLE VARCHAR(45)
)
BEGIN
INSERT INTO
    AS_TIPOS_IDENTIFICACIONES (NOM_TIPO_IDENTIFICACION, DET_TIPO_IDENTIFICACION)
VALUES
    (IDENTIFICACION, DETALLE);
    END//
DELIMITER ;

-- Volcando estructura para procedimiento as.AS_SP_AGREGAR_USUARIO
DROP PROCEDURE IF EXISTS `AS_SP_AGREGAR_USUARIO`;
DELIMITER //
CREATE PROCEDURE `AS_SP_AGREGAR_USUARIO`(
	IN `NOMBRE` VARCHAR(30),
	IN `PASS` VARCHAR(100),
	IN `IMG` VARCHAR(80),
	IN `ESTADO` VARCHAR(10),
	IN `COD_EMPLEADO` INT,
	IN `USUARIO` INT
)
BEGIN 
	-- REGISTRO DEL USUARIO
	INSERT INTO AS_USUARIOS_SISTEMA VALUES (NULL, NOMBRE, PASS, IMG, ESTADO, COD_EMPLEADO, PASS);
    -- REGISTRO DE LA CREACIÓN DEL USUARIO EN LA BITACORA
    INSERT INTO AS_BITACORA_SISTEMA VALUES (NULL, USUARIO, "REGISTRO DE NUEVO USUARIO", "SE HA REGISTADO UN NUEVO USUARIO EN EL SISTEMA", CURRENT_DATE(), CURRENT_TIME());
END//
DELIMITER ;

-- Volcando estructura para procedimiento as.AS_SP_AGREGAR_VENTA
DROP PROCEDURE IF EXISTS `AS_SP_AGREGAR_VENTA`;
DELIMITER //
CREATE PROCEDURE `AS_SP_AGREGAR_VENTA`(
	IN `NO_FACTURA` VARCHAR (20),
	IN `COD_COTIZACION` INT,
	IN `COD_ORDEN_TRABAJO` INT,
	IN `ID_USUARIO_VENTA` BIGINT,
	IN `TIPO_PAGO` VARCHAR(20),
	IN `COD_METODO_PAGO` INT,
	IN `SUBTOTAL` DECIMAL(7,2),
	IN `DESCUENTO` DECIMAL(7,2),
	IN `ISV` DECIMAL(7,2),
	IN `TOTAL_PAGAR` DECIMAL(7,2)
)
BEGIN
INSERT INTO
    AS_VENTAS
VALUES
    (
        NULL,
        NO_FACTURA,
        COD_COTIZACION,
        COD_ORDEN_TRABAJO,
        ID_USUARIO_VENTA,
        CURRENT_DATE(),
        CURRENT_TIME(),
        TIPO_PAGO,
        COD_METODO_PAGO,
        SUBTOTAL,
        DESCUENTO,
        ISV,
        TOTAL_PAGAR
    );
    END//
DELIMITER ;

-- Volcando estructura para procedimiento as.AS_SP_CAMBIAR_IMAGEN_USUARIO
DROP PROCEDURE IF EXISTS `AS_SP_CAMBIAR_IMAGEN_USUARIO`;
DELIMITER //
CREATE PROCEDURE `AS_SP_CAMBIAR_IMAGEN_USUARIO`(
	IN `RUTA_IMAGEN` VARCHAR(50),
	IN `CODIGO` INT
)
BEGIN
UPDATE as_usuarios_sistema SET IMG_USUARIO = RUTA_IMAGEN WHERE PK_ID_USUARIO = CODIGO;
END//
DELIMITER ;

-- Volcando estructura para procedimiento as.AS_SP_CONSULTAR_ACCESOS_SISTEMA
DROP PROCEDURE IF EXISTS `AS_SP_CONSULTAR_ACCESOS_SISTEMA`;
DELIMITER //
CREATE PROCEDURE `AS_SP_CONSULTAR_ACCESOS_SISTEMA`()
BEGIN
SELECT * FROM as_acceso_sistema;
END//
DELIMITER ;

-- Volcando estructura para procedimiento as.AS_SP_CONSULTAR_CATEGORIAS
DROP PROCEDURE IF EXISTS `AS_SP_CONSULTAR_CATEGORIAS`;
DELIMITER //
CREATE PROCEDURE `AS_SP_CONSULTAR_CATEGORIAS`()
BEGIN
SELECT * FROM as_categoria_material;
END//
DELIMITER ;

-- Volcando estructura para procedimiento as.AS_SP_CONSULTAR_CLIENTES
DROP PROCEDURE IF EXISTS `AS_SP_CONSULTAR_CLIENTES`;
DELIMITER //
CREATE PROCEDURE `AS_SP_CONSULTAR_CLIENTES`()
BEGIN
SELECT * FROM as_clientes;
END//
DELIMITER ;

-- Volcando estructura para procedimiento as.AS_SP_CONSULTAR_COTIZACION
DROP PROCEDURE IF EXISTS `AS_SP_CONSULTAR_COTIZACION`;
DELIMITER //
CREATE PROCEDURE `AS_SP_CONSULTAR_COTIZACION`(
	IN `CODIGO` INT
)
BEGIN
SELECT * FROM as_cotizaciones WHERE PK_COD_COTIZACION = CODIGO;
END//
DELIMITER ;

-- Volcando estructura para procedimiento as.AS_SP_CONSULTAR_DETALLE_VENTA
DROP PROCEDURE IF EXISTS `AS_SP_CONSULTAR_DETALLE_VENTA`;
DELIMITER //
CREATE PROCEDURE `AS_SP_CONSULTAR_DETALLE_VENTA`(IN AS_COD_CDV INT)
BEGIN
SELECT
    *
FROM
    AS_CUENTAS_DETALLE_VENTAS
WHERE
    PK_COD_CDV = AS_COD_CDV;
    END//
DELIMITER ;

-- Volcando estructura para procedimiento as.AS_SP_CONSULTAR_EMPLEADO
DROP PROCEDURE IF EXISTS `AS_SP_CONSULTAR_EMPLEADO`;
DELIMITER //
CREATE PROCEDURE `AS_SP_CONSULTAR_EMPLEADO`(
	IN `CODIGO` INT
)
BEGIN
SELECT * FROM as_empleados WHERE PK_COD_EMPLEADO = CODIGO;
END//
DELIMITER ;

-- Volcando estructura para procedimiento as.AS_SP_CONSULTAR_INVENTARIO
DROP PROCEDURE IF EXISTS `AS_SP_CONSULTAR_INVENTARIO`;
DELIMITER //
CREATE PROCEDURE `AS_SP_CONSULTAR_INVENTARIO`()
BEGIN
select * FROM as_inventario_materiales;
END//
DELIMITER ;

-- Volcando estructura para procedimiento as.AS_SP_CONSULTAR_METODOS_PAGOS
DROP PROCEDURE IF EXISTS `AS_SP_CONSULTAR_METODOS_PAGOS`;
DELIMITER //
CREATE PROCEDURE `AS_SP_CONSULTAR_METODOS_PAGOS`(IN AS_COD_METODO_PAGO INT)
BEGIN
SELECT
    *
FROM
    AS_METODOS_PAGOS
WHERE
    PK_COD_METODO_PAGO = AS_COD_METODO_PAGO;
    END//
DELIMITER ;

-- Volcando estructura para procedimiento as.AS_SP_CONSULTAR_ORDEN_MATERIAL
DROP PROCEDURE IF EXISTS `AS_SP_CONSULTAR_ORDEN_MATERIAL`;
DELIMITER //
CREATE PROCEDURE `AS_SP_CONSULTAR_ORDEN_MATERIAL`(IN AS_COD_ODM INT)
BEGIN
SELECT
    *
FROM
    AS_ORDENES_DETALLE_MATERIALES
WHERE
    PK_COD_ODM = AS_COD_ODM;
    END//
DELIMITER ;

-- Volcando estructura para procedimiento as.AS_SP_CONSULTAR_ORDEN_TRABAJO
DROP PROCEDURE IF EXISTS `AS_SP_CONSULTAR_ORDEN_TRABAJO`;
DELIMITER //
CREATE PROCEDURE `AS_SP_CONSULTAR_ORDEN_TRABAJO`(IN AS_COD_ORDEN_TRABAJO INT)
BEGIN
SELECT
    *
FROM
    AS_ORDENES_TRABAJO
WHERE
    PK_COD_ORDEN_TRABAJO = AS_COD_ORDEN_TRABAJO;
    END//
DELIMITER ;

-- Volcando estructura para procedimiento as.AS_SP_CONSULTAR_PERMISO
DROP PROCEDURE IF EXISTS `AS_SP_CONSULTAR_PERMISO`;
DELIMITER //
CREATE PROCEDURE `AS_SP_CONSULTAR_PERMISO`(
	IN `USUARIO` INT,
	IN `ACCESO` INT
)
BEGIN
	SELECT * FROM AS_ACCESO_PERMISO_USUARIO WHERE ID_USUARIO = USUARIO AND COD_ACCESO_SISTEMA = ACCESO;
END//
DELIMITER ;

-- Volcando estructura para procedimiento as.AS_SP_CONSULTAR_PRODUCTOS_EXISTENTES
DROP PROCEDURE IF EXISTS `AS_SP_CONSULTAR_PRODUCTOS_EXISTENTES`;
DELIMITER //
CREATE PROCEDURE `AS_SP_CONSULTAR_PRODUCTOS_EXISTENTES`()
BEGIN
SELECT * FROM as_catalogo WHERE ELIMINAR=0;
END//
DELIMITER ;

-- Volcando estructura para procedimiento as.AS_SP_CONSULTAR_PRODUCTO_AGREGADO
DROP PROCEDURE IF EXISTS `AS_SP_CONSULTAR_PRODUCTO_AGREGADO`;
DELIMITER //
CREATE PROCEDURE `AS_SP_CONSULTAR_PRODUCTO_AGREGADO`()
BEGIN
SELECT * FROM as_catalogo ORDER BY PK_COD_PRODUCTO DESC LIMIT 1;
END//
DELIMITER ;

-- Volcando estructura para procedimiento as.AS_SP_CONSULTAR_PRODUCTO_EXISTENTE
DROP PROCEDURE IF EXISTS `AS_SP_CONSULTAR_PRODUCTO_EXISTENTE`;
DELIMITER //
CREATE PROCEDURE `AS_SP_CONSULTAR_PRODUCTO_EXISTENTE`(
	IN `CODIGO` INT
)
BEGIN
SELECT * FROM as_catalogo WHERE PK_COD_PRODUCTO = CODIGO AND ELIMINAR = 0;
END//
DELIMITER ;

-- Volcando estructura para procedimiento as.AS_SP_CONSULTAR_PROVEEDOR
DROP PROCEDURE IF EXISTS `AS_SP_CONSULTAR_PROVEEDOR`;
DELIMITER //
CREATE PROCEDURE `AS_SP_CONSULTAR_PROVEEDOR`(
	IN `CODIGO` INT
)
BEGIN
	SELECT * FROM as_proveedores WHERE PK_COD_PROVEEDOR = CODIGO;
END//
DELIMITER ;

-- Volcando estructura para procedimiento as.AS_SP_CONSULTAR_PROVEEDORES
DROP PROCEDURE IF EXISTS `AS_SP_CONSULTAR_PROVEEDORES`;
DELIMITER //
CREATE PROCEDURE `AS_SP_CONSULTAR_PROVEEDORES`()
BEGIN
	SELECT * FROM as_proveedores;
END//
DELIMITER ;

-- Volcando estructura para procedimiento as.AS_SP_CONSULTAR_REGISTRO_BITACORA
DROP PROCEDURE IF EXISTS `AS_SP_CONSULTAR_REGISTRO_BITACORA`;
DELIMITER //
CREATE PROCEDURE `AS_SP_CONSULTAR_REGISTRO_BITACORA`(IN FECHA_INICIO DATE, IN FECHA_FINAL DATE)
BEGIN 
	SELECT * FROM AS_BITACORA_SISTEMA WHERE FEC_ACCION BETWEEN FECHA_INICIO AND FECHA_FINAL;
END//
DELIMITER ;

-- Volcando estructura para procedimiento as.AS_SP_CONSULTAR_REGISTRO_BITACORA_POR_USUARIO
DROP PROCEDURE IF EXISTS `AS_SP_CONSULTAR_REGISTRO_BITACORA_POR_USUARIO`;
DELIMITER //
CREATE PROCEDURE `AS_SP_CONSULTAR_REGISTRO_BITACORA_POR_USUARIO`(
	IN `USUARIO` INT
)
BEGIN 
	SELECT * FROM AS_BITACORA_SISTEMA WHERE ID_USUARIO = USUARIO;
END//
DELIMITER ;

-- Volcando estructura para procedimiento as.AS_SP_CONSULTAR_SEGUIMIENTO
DROP PROCEDURE IF EXISTS `AS_SP_CONSULTAR_SEGUIMIENTO`;
DELIMITER //
CREATE PROCEDURE `AS_SP_CONSULTAR_SEGUIMIENTO`(
	IN `CODIGO` INT
)
BEGIN
SELECT * FROM as_seguimiento_clientes WHERE PK_COD_SEGUIMIENTO = CODIGO AND ELIMINAR = 0;
END//
DELIMITER ;

-- Volcando estructura para procedimiento as.AS_SP_CONSULTAR_SEGUIMIENTOS
DROP PROCEDURE IF EXISTS `AS_SP_CONSULTAR_SEGUIMIENTOS`;
DELIMITER //
CREATE PROCEDURE `AS_SP_CONSULTAR_SEGUIMIENTOS`()
BEGIN
SELECT * FROM as_seguimiento_clientes WHERE ELIMINAR = 0;
END//
DELIMITER ;

-- Volcando estructura para procedimiento as.AS_SP_CONSULTAR_TIPOS_IDENTIFICACIONES
DROP PROCEDURE IF EXISTS `AS_SP_CONSULTAR_TIPOS_IDENTIFICACIONES`;
DELIMITER //
CREATE PROCEDURE `AS_SP_CONSULTAR_TIPOS_IDENTIFICACIONES`()
BEGIN
SELECT * FROM as_tipos_identificaciones;
END//
DELIMITER ;

-- Volcando estructura para procedimiento as.AS_SP_CONSULTAR_TIPO_IDENTIFICACION
DROP PROCEDURE IF EXISTS `AS_SP_CONSULTAR_TIPO_IDENTIFICACION`;
DELIMITER //
CREATE PROCEDURE `AS_SP_CONSULTAR_TIPO_IDENTIFICACION`(IN COD INT)
BEGIN
SELECT * FROM as_tipos_identificaciones WHERE PK_COD_TIPO_IDENTIFICACION = COD;
END//
DELIMITER ;

-- Volcando estructura para procedimiento as.AS_SP_CONSULTAR_TODA_BITACORA
DROP PROCEDURE IF EXISTS `AS_SP_CONSULTAR_TODA_BITACORA`;
DELIMITER //
CREATE PROCEDURE `AS_SP_CONSULTAR_TODA_BITACORA`()
BEGIN
SELECT * FROM as_bitacora_sistema;
END//
DELIMITER ;

-- Volcando estructura para procedimiento as.AS_SP_CONSULTAR_ULTIMA_COTIZACION
DROP PROCEDURE IF EXISTS `AS_SP_CONSULTAR_ULTIMA_COTIZACION`;
DELIMITER //
CREATE PROCEDURE `AS_SP_CONSULTAR_ULTIMA_COTIZACION`()
BEGIN
SELECT * FROM as_cotizaciones ORDER BY PK_COD_COTIZACION DESC LIMIT 1;
END//
DELIMITER ;

-- Volcando estructura para procedimiento as.AS_SP_CONSULTAR_VENTA
DROP PROCEDURE IF EXISTS `AS_SP_CONSULTAR_VENTA`;
DELIMITER //
CREATE PROCEDURE `AS_SP_CONSULTAR_VENTA`(IN AS_COD_VENTA INT)
BEGIN
SELECT
    *
FROM
    AS_VENTAS
WHERE
    PK_COD_VENTA = AS_COD_VENTA;
    END//
DELIMITER ;

-- Volcando estructura para procedimiento as.AS_SP_COTIZACIONES_EXISTENTES
DROP PROCEDURE IF EXISTS `AS_SP_COTIZACIONES_EXISTENTES`;
DELIMITER //
CREATE PROCEDURE `AS_SP_COTIZACIONES_EXISTENTES`()
BEGIN
SELECT * FROM as_cotizaciones CT, as_clientes C WHERE C.PK_COD_CLIENTE = CT.COD_CLIENTE ORDER BY CT.PK_COD_COTIZACION DESC;  
END//
DELIMITER ;

-- Volcando estructura para procedimiento as.AS_SP_DESACTIVAR_USUARIO
DROP PROCEDURE IF EXISTS `AS_SP_DESACTIVAR_USUARIO`;
DELIMITER //
CREATE PROCEDURE `AS_SP_DESACTIVAR_USUARIO`(
	IN `USUARIO` INT
)
BEGIN
UPDATE as_usuarios_sistema SET EST_USUARIO = "INACTIVO" WHERE PK_ID_USUARIO = USUARIO;
END//
DELIMITER ;

-- Volcando estructura para procedimiento as.AS_SP_ELIMINAR_CATEGORIA
DROP PROCEDURE IF EXISTS `AS_SP_ELIMINAR_CATEGORIA`;
DELIMITER //
CREATE PROCEDURE `AS_SP_ELIMINAR_CATEGORIA`(IN COD INT)
BEGIN
DELETE FROM
    as_categoria_material
WHERE
    PK_COD_CATEGORIA = COD;
    END//
DELIMITER ;

-- Volcando estructura para procedimiento as.AS_SP_ELIMINAR_CLIENTES
DROP PROCEDURE IF EXISTS `AS_SP_ELIMINAR_CLIENTES`;
DELIMITER //
CREATE PROCEDURE `AS_SP_ELIMINAR_CLIENTES`(IN CODIGO INT)
BEGIN
DELETE FROM
    AS_CLIENTES
WHERE
    PK_COD_CLIENTE = CODIGO;
    END//
DELIMITER ;

-- Volcando estructura para procedimiento as.AS_SP_ELIMINAR_COMPRA
DROP PROCEDURE IF EXISTS `AS_SP_ELIMINAR_COMPRA`;
DELIMITER //
CREATE PROCEDURE `AS_SP_ELIMINAR_COMPRA`(
	IN `COD` INT
)
BEGIN
DELETE FROM
    AS_COMPRAS
WHERE
    PK_COD_COMPRA = COD;
    END//
DELIMITER ;

-- Volcando estructura para procedimiento as.AS_SP_ELIMINAR_CUENTAS
DROP PROCEDURE IF EXISTS `AS_SP_ELIMINAR_CUENTAS`;
DELIMITER //
CREATE PROCEDURE `AS_SP_ELIMINAR_CUENTAS`(IN CODIGO INT)
BEGIN
DELETE FROM
    AS_CUENTAS_CLIENTES
WHERE
    PK_NO_CUENTA = CODIGO;
    END//
DELIMITER ;

-- Volcando estructura para procedimiento as.AS_SP_ELIMINAR_DETALLE_VENTA
DROP PROCEDURE IF EXISTS `AS_SP_ELIMINAR_DETALLE_VENTA`;
DELIMITER //
CREATE PROCEDURE `AS_SP_ELIMINAR_DETALLE_VENTA`(IN AS_COD_CDV INT)
BEGIN
DELETE FROM
    AS_CUENTAS_DETALLE_VENTAS
WHERE
    PK_COD_CDV = AS_COD_CDV;
    END//
DELIMITER ;

-- Volcando estructura para procedimiento as.AS_SP_ELIMINAR_DIRECCIONES
DROP PROCEDURE IF EXISTS `AS_SP_ELIMINAR_DIRECCIONES`;
DELIMITER //
CREATE PROCEDURE `AS_SP_ELIMINAR_DIRECCIONES`(IN CODIGO INT)
BEGIN
DELETE FROM
    AS_DIRECCIONES_CLIENTES
WHERE
    PK_COD_DIRECCION = CODIGO;
    END//
DELIMITER ;

-- Volcando estructura para procedimiento as.AS_SP_ELIMINAR_EMPLEADO
DROP PROCEDURE IF EXISTS `AS_SP_ELIMINAR_EMPLEADO`;
DELIMITER //
CREATE PROCEDURE `AS_SP_ELIMINAR_EMPLEADO`(
	IN `CODIGO` INT
)
BEGIN
DELETE FROM as_empleados WHERE PK_COD_EMPLEADO = CODIGO;
END//
DELIMITER ;

-- Volcando estructura para procedimiento as.AS_SP_ELIMINAR_INVENTARIO
DROP PROCEDURE IF EXISTS `AS_SP_ELIMINAR_INVENTARIO`;
DELIMITER //
CREATE PROCEDURE `AS_SP_ELIMINAR_INVENTARIO`(IN COD INT)
BEGIN
DELETE FROM
    as_inventario_materiales
WHERE
    PK_COD_MATERIAL = COD;
    END//
DELIMITER ;

-- Volcando estructura para procedimiento as.AS_SP_ELIMINAR_METODOS_PAGO
DROP PROCEDURE IF EXISTS `AS_SP_ELIMINAR_METODOS_PAGO`;
DELIMITER //
CREATE PROCEDURE `AS_SP_ELIMINAR_METODOS_PAGO`(IN AS_COD_METODO_PAGO INT)
BEGIN
DELETE FROM
    AS_METODOS_PAGOS
WHERE
    PK_COD_METODO_PAGO = AS_COD_METODO_PAGO;
    END//
DELIMITER ;

-- Volcando estructura para procedimiento as.AS_SP_ELIMINAR_ORDEN_MATERIAL
DROP PROCEDURE IF EXISTS `AS_SP_ELIMINAR_ORDEN_MATERIAL`;
DELIMITER //
CREATE PROCEDURE `AS_SP_ELIMINAR_ORDEN_MATERIAL`(IN AS_COD_ODM INT)
BEGIN
DELETE FROM
    AS_ORDENES_DETALLE_MATERIAL
WHERE
    PK_COD_ODM = AS_COD_ODM;
    END//
DELIMITER ;

-- Volcando estructura para procedimiento as.AS_SP_ELIMINAR_ORDEN_TRABAJO
DROP PROCEDURE IF EXISTS `AS_SP_ELIMINAR_ORDEN_TRABAJO`;
DELIMITER //
CREATE PROCEDURE `AS_SP_ELIMINAR_ORDEN_TRABAJO`(IN AS_COD_ORDEN_TRABAJO INT)
BEGIN
DELETE FROM
    AS_ORDENES_TRABAJO
WHERE
    PK_COD_ORDEN_TRABAJO = AS_COD_ORDEN_TRABAJO;
    END//
DELIMITER ;

-- Volcando estructura para procedimiento as.AS_SP_ELIMINAR_PROVEEDOR
DROP PROCEDURE IF EXISTS `AS_SP_ELIMINAR_PROVEEDOR`;
DELIMITER //
CREATE PROCEDURE `AS_SP_ELIMINAR_PROVEEDOR`(
	IN `COD` INT
)
BEGIN
DELETE FROM
    AS_PROVEEDORES
WHERE
    PK_COD_PROVEEDOR = COD;
    END//
DELIMITER ;

-- Volcando estructura para procedimiento as.AS_SP_ELIMINAR_SEGUIMIENTO
DROP PROCEDURE IF EXISTS `AS_SP_ELIMINAR_SEGUIMIENTO`;
DELIMITER //
CREATE PROCEDURE `AS_SP_ELIMINAR_SEGUIMIENTO`(
	IN `CODIGO` INT
)
BEGIN
UPDATE as_seguimiento_clientes SET ELIMINAR = 1 WHERE PK_COD_SEGUIMIENTO = CODIGO;
END//
DELIMITER ;

-- Volcando estructura para procedimiento as.AS_SP_ELIMINAR_TIPOS_IDENTIFICACIONES
DROP PROCEDURE IF EXISTS `AS_SP_ELIMINAR_TIPOS_IDENTIFICACIONES`;
DELIMITER //
CREATE PROCEDURE `AS_SP_ELIMINAR_TIPOS_IDENTIFICACIONES`(IN CODIGO INT)
BEGIN
DELETE FROM
    AS_TIPOS_IDENTIFICACIONES
WHERE
    PK_COD_TIPO_IDENTIFICACION = CODIGO;
    END//
DELIMITER ;

-- Volcando estructura para procedimiento as.AS_SP_ELIMINAR_VENTA
DROP PROCEDURE IF EXISTS `AS_SP_ELIMINAR_VENTA`;
DELIMITER //
CREATE PROCEDURE `AS_SP_ELIMINAR_VENTA`(IN AS_COD_VENTA INT)
BEGIN
DELETE FROM
    AS_VENTAS
WHERE
    PK_COD_VENTA = AS_COD_VENTA;
    END//
DELIMITER ;

-- Volcando estructura para procedimiento as.AS_SP_INFO_USUARIOS
DROP PROCEDURE IF EXISTS `AS_SP_INFO_USUARIOS`;
DELIMITER //
CREATE PROCEDURE `AS_SP_INFO_USUARIOS`()
BEGIN
SELECT * FROM as_empleados e, as_usuarios_sistema u WHERE e.PK_COD_EMPLEADO = u.ID_EMPLEADO;
END//
DELIMITER ;

-- Volcando estructura para procedimiento as.AS_SP_INGRESO_USUARIO
DROP PROCEDURE IF EXISTS `AS_SP_INGRESO_USUARIO`;
DELIMITER //
CREATE PROCEDURE `AS_SP_INGRESO_USUARIO`(
	IN `USUARIO` VARCHAR(50)
)
BEGIN
SELECT * FROM as_usuarios_sistema WHERE NOM_USUARIO = USUARIO;
END//
DELIMITER ;

-- Volcando estructura para procedimiento as.AS_SP_OBTENER_USUARIOS
DROP PROCEDURE IF EXISTS `AS_SP_OBTENER_USUARIOS`;
DELIMITER //
CREATE PROCEDURE `AS_SP_OBTENER_USUARIOS`()
BEGIN
SELECT * FROM as_usuarios_sistema;
END//
DELIMITER ;

-- Volcando estructura para procedimiento as.AS_SP_OTORGAR_PERMISO
DROP PROCEDURE IF EXISTS `AS_SP_OTORGAR_PERMISO`;
DELIMITER //
CREATE PROCEDURE `AS_SP_OTORGAR_PERMISO`(IN USUARIO INT, IN ACCESO INT)
BEGIN 
	INSERT INTO AS_ACCESO_PERMISO_USUARIO VALUES (NULL, USUARIO, ACCESO);
END//
DELIMITER ;

-- Volcando estructura para procedimiento as.AS_SP_REGISTRAR_SEGUIMIENTO
DROP PROCEDURE IF EXISTS `AS_SP_REGISTRAR_SEGUIMIENTO`;
DELIMITER //
CREATE PROCEDURE `AS_SP_REGISTRAR_SEGUIMIENTO`(
	IN `ID_VENTA` INT,
	IN `ID_CLIENTE` INT,
	IN `DETALLE` TEXT,
	IN `CALIFICACION` INT
)
BEGIN
 INSERT INTO as_seguimiento_clientes VALUES (NULL, ID_VENTA, ID_CLIENTE, CURRENT_DATE() , DETALLE, CALIFICACION, 0);
END//
DELIMITER ;

-- Volcando estructura para procedimiento as.AS_SP_ULTIMO_EMPLEADO
DROP PROCEDURE IF EXISTS `AS_SP_ULTIMO_EMPLEADO`;
DELIMITER //
CREATE PROCEDURE `AS_SP_ULTIMO_EMPLEADO`()
BEGIN
SELECT * FROM as_empleados ORDER BY PK_COD_EMPLEADO DESC LIMIT 1;
END//
DELIMITER ;

-- Volcando estructura para procedimiento as.AS_SP_ULTIMO_USUARIO
DROP PROCEDURE IF EXISTS `AS_SP_ULTIMO_USUARIO`;
DELIMITER //
CREATE PROCEDURE `AS_SP_ULTIMO_USUARIO`()
BEGIN
SELECT * FROM as_usuarios_sistema ORDER BY PK_ID_USUARIO DESC LIMIT 1;  
END//
DELIMITER ;

/*!40101 SET SQL_MODE=IFNULL(@OLD_SQL_MODE, '') */;
/*!40014 SET FOREIGN_KEY_CHECKS=IFNULL(@OLD_FOREIGN_KEY_CHECKS, 1) */;
/*!40101 SET CHARACTER_SET_CLIENT=@OLD_CHARACTER_SET_CLIENT */;
/*!40111 SET SQL_NOTES=IFNULL(@OLD_SQL_NOTES, 1) */;
